Date,Time,Average Temperature,Temp_low,Temp_high,Average Humidity,Location
2024-07-05,15:00:00,31.65,31.1,32.2,37.08,Cicalino1
2024-07-05,16:00:00,31.45,31.0,32.2,33.55,Cicalino1
2024-07-05,17:00:00,31.66,31.2,32.1,34.98,Cicalino1
2024-07-05,18:00:00,30.08,29.2,30.8,42.39,Cicalino1
2024-07-05,19:00:00,28.78,26.5,29.6,47.54,Cicalino1
2024-07-05,20:00:00,24.26,22.4,26.0,59.08,Cicalino1
2024-07-05,21:00:00,20.1,18.6,21.9,76.51,Cicalino1
2024-07-05,22:00:00,17.6,17.0,18.4,87.61,Cicalino1
2024-07-05,23:00:00,16.42,16.0,16.9,91.33,Cicalino1
2024-07-06,00:00:00,15.44,14.9,15.9,92.0,Cicalino1
2024-07-06,01:00:00,14.72,14.6,14.9,93.9,Cicalino1
2024-07-06,02:00:00,14.31,14.1,14.5,95.22,Cicalino1
2024-07-06,03:00:00,14.39,14.1,14.6,96.63,Cicalino1
2024-07-06,04:00:00,14.11,14.0,14.3,97.14,Cicalino1
2024-07-06,05:00:00,13.92,13.7,14.0,97.67,Cicalino1
2024-07-06,06:00:00,13.91,13.6,14.4,97.65,Cicalino1
2024-07-06,07:00:00,15.53,14.1,17.3,97.97,Cicalino1
2024-07-06,08:00:00,21.66,18.5,24.3,79.96,Cicalino1
2024-07-06,09:00:00,24.69,22.6,26.2,68.11,Cicalino1
2024-07-06,10:00:00,27.08,26.0,28.2,56.56,Cicalino1
2024-07-06,11:00:00,28.58,27.4,29.9,53.4,Cicalino1
2024-07-06,12:00:00,28.34,27.2,29.1,56.53,Cicalino1
2024-07-06,13:00:00,28.35,27.9,28.9,56.36,Cicalino1
2024-07-06,14:00:00,29.08,28.5,29.8,55.29,Cicalino1
2024-07-06,15:00:00,30.05,29.7,30.6,43.86,Cicalino1
2024-07-06,16:00:00,29.75,29.3,30.2,39.75,Cicalino1
2024-07-06,17:00:00,29.67,29.2,30.2,40.09,Cicalino1
2024-07-06,18:00:00,28.64,28.3,29.3,43.26,Cicalino1
2024-07-06,19:00:00,28.01,26.1,28.9,51.72,Cicalino1
2024-07-06,20:00:00,24.58,23.5,25.5,67.25,Cicalino1
2024-07-06,21:00:00,22.25,21.3,23.3,75.41,Cicalino1
2024-07-06,22:00:00,20.01,19.3,21.0,85.78,Cicalino1
2024-07-06,23:00:00,19.15,18.9,19.6,92.43,Cicalino1
2024-07-07,00:00:00,19.52,19.2,19.7,94.97,Cicalino1
2024-07-07,01:00:00,19.01,18.7,19.6,95.83,Cicalino1
2024-07-07,02:00:00,20.07,19.7,20.4,96.03,Cicalino1
2024-07-07,03:00:00,20.25,20.0,20.5,93.09,Cicalino1
2024-07-07,04:00:00,19.93,19.6,20.1,91.72,Cicalino1
2024-07-07,05:00:00,19.79,19.6,20.0,88.85,Cicalino1
2024-07-07,06:00:00,20.78,20.1,21.2,83.49,Cicalino1
2024-07-07,07:00:00,20.65,20.4,20.8,85.95,Cicalino1
2024-07-07,08:00:00,20.42,20.0,21.1,87.92,Cicalino1
2024-07-07,09:00:00,22.21,21.2,24.8,82.89,Cicalino1
2024-07-07,10:00:00,26.82,25.7,27.6,57.63,Cicalino1
2024-07-07,11:00:00,28.39,26.9,29.4,54.46,Cicalino1
2024-07-07,12:00:00,29.61,29.0,30.0,50.43,Cicalino1
2024-07-07,13:00:00,28.99,27.1,30.2,51.58,Cicalino1
2024-07-07,14:00:00,25.89,25.0,26.7,63.3,Cicalino1
2024-07-07,15:00:00,26.04,25.6,26.7,63.24,Cicalino1
2024-07-07,16:00:00,27.13,25.4,28.7,62.24,Cicalino1
2024-07-07,17:00:00,25.28,24.9,26.0,69.26,Cicalino1
2024-07-07,18:00:00,25.79,25.2,26.5,70.24,Cicalino1
2024-07-07,19:00:00,24.83,24.2,25.2,72.71,Cicalino1
2024-07-07,20:00:00,23.9,23.8,24.1,78.09,Cicalino1
2024-07-07,21:00:00,23.67,23.5,23.8,79.45,Cicalino1
2024-07-07,22:00:00,22.91,22.5,23.5,82.47,Cicalino1
2024-07-07,23:00:00,22.55,22.5,22.6,85.65,Cicalino1
2024-07-08,00:00:00,22.26,21.8,22.5,87.24,Cicalino1
2024-07-08,01:00:00,21.24,20.7,21.7,90.84,Cicalino1
2024-07-08,02:00:00,21.05,20.7,21.3,93.0,Cicalino1
2024-07-08,03:00:00,20.26,19.6,21.0,93.3,Cicalino1
2024-07-08,04:00:00,19.55,19.3,20.0,95.41,Cicalino1
2024-07-08,05:00:00,19.7,19.1,20.1,96.56,Cicalino1
2024-07-08,06:00:00,19.03,18.7,19.5,96.87,Cicalino1
2024-07-08,07:00:00,20.27,19.2,21.9,97.32,Cicalino1
2024-07-08,08:00:00,23.92,22.3,25.0,87.41,Cicalino1
2024-07-08,09:00:00,26.78,25.1,28.5,71.38,Cicalino1
2024-07-08,10:00:00,30.05,28.1,31.3,58.87,Cicalino1
2024-07-08,11:00:00,31.49,30.3,32.9,52.08,Cicalino1
2024-07-08,12:00:00,30.65,29.3,31.9,49.97,Cicalino1
2024-07-08,13:00:00,31.56,31.0,32.1,48.82,Cicalino1
2024-07-08,14:00:00,31.03,29.8,31.9,53.67,Cicalino1
2024-07-08,15:00:00,31.73,30.9,32.3,48.66,Cicalino1
2024-07-08,16:00:00,32.23,31.8,33.5,44.14,Cicalino1
2024-07-08,17:00:00,33.12,32.2,33.9,40.2,Cicalino1
2024-07-08,18:00:00,32.18,31.6,32.8,39.78,Cicalino1
2024-07-08,19:00:00,30.66,28.7,31.5,40.88,Cicalino1
2024-07-08,20:00:00,26.76,24.5,28.3,51.38,Cicalino1
2024-07-08,21:00:00,22.32,20.7,24.3,66.21,Cicalino1
2024-07-08,22:00:00,19.55,18.9,20.4,76.96,Cicalino1
2024-07-08,23:00:00,18.67,18.3,18.9,78.5,Cicalino1
2024-07-09,00:00:00,18.1,18.0,18.2,80.27,Cicalino1
2024-07-09,01:00:00,17.87,17.6,18.1,78.71,Cicalino1
2024-07-09,02:00:00,17.86,17.3,18.8,76.71,Cicalino1
2024-07-09,03:00:00,16.64,16.3,17.1,80.56,Cicalino1
2024-07-09,04:00:00,16.17,15.9,16.3,81.33,Cicalino1
2024-07-09,05:00:00,15.45,15.2,15.8,81.87,Cicalino1
2024-07-09,06:00:00,15.33,15.0,15.7,82.29,Cicalino1
2024-07-09,07:00:00,16.79,15.6,18.6,80.03,Cicalino1
2024-07-09,08:00:00,24.04,19.7,27.4,59.79,Cicalino1
2024-07-09,09:00:00,29.16,26.2,31.2,44.6,Cicalino1
2024-07-09,10:00:00,33.17,31.9,34.4,33.15,Cicalino1
2024-07-09,11:00:00,34.82,34.3,35.2,30.84,Cicalino1
2024-07-09,12:00:00,34.48,33.8,35.3,30.93,Cicalino1
2024-07-09,13:00:00,33.65,33.3,34.3,31.24,Cicalino1
2024-07-09,14:00:00,34.26,33.5,35.0,31.06,Cicalino1
2024-07-09,15:00:00,33.99,33.7,34.9,30.82,Cicalino1
2024-07-09,16:00:00,34.75,33.9,35.5,29.38,Cicalino1
2024-07-09,17:00:00,35.1,34.3,36.0,28.69,Cicalino1
2024-07-09,18:00:00,33.99,33.2,34.5,30.3,Cicalino1
2024-07-09,19:00:00,33.68,31.9,34.3,31.41,Cicalino1
2024-07-09,20:00:00,28.21,25.6,30.9,41.83,Cicalino1
2024-07-09,21:00:00,23.6,21.7,25.3,55.71,Cicalino1
2024-07-09,22:00:00,20.55,19.8,21.4,65.62,Cicalino1
2024-07-09,23:00:00,19.22,18.8,19.7,70.39,Cicalino1
2024-07-10,00:00:00,18.28,17.8,18.7,72.05,Cicalino1
2024-07-10,01:00:00,17.44,17.0,17.8,72.74,Cicalino1
2024-07-10,02:00:00,16.69,16.4,17.0,74.34,Cicalino1
2024-07-10,03:00:00,16.44,16.0,16.7,77.8,Cicalino1
2024-07-10,04:00:00,16.05,15.9,16.2,80.74,Cicalino1
2024-07-10,05:00:00,15.37,15.0,15.8,84.65,Cicalino1
2024-07-10,06:00:00,15.48,15.0,16.0,87.12,Cicalino1
2024-07-10,07:00:00,18.02,16.2,20.5,85.37,Cicalino1
2024-07-10,08:00:00,24.95,21.5,27.2,66.58,Cicalino1
2024-07-10,09:00:00,29.14,26.9,31.8,53.87,Cicalino1
2024-07-10,10:00:00,33.27,32.5,34.0,45.37,Cicalino1
2024-07-10,11:00:00,34.85,33.4,35.7,41.44,Cicalino1
2024-07-10,12:00:00,35.16,34.5,35.6,38.49,Cicalino1
2024-07-10,13:00:00,35.46,35.0,35.8,37.25,Cicalino1
2024-07-10,14:00:00,34.84,34.5,35.2,40.94,Cicalino1
2024-07-10,15:00:00,35.21,34.3,36.2,42.27,Cicalino1
2024-07-10,16:00:00,35.26,34.6,36.1,42.45,Cicalino1
2024-07-10,17:00:00,35.11,34.0,36.1,41.65,Cicalino1
2024-07-10,18:00:00,34.09,33.6,34.9,41.17,Cicalino1
2024-07-10,19:00:00,33.1,30.9,34.2,43.18,Cicalino1
2024-07-10,20:00:00,28.66,26.6,30.4,52.13,Cicalino1
2024-07-10,21:00:00,24.51,23.0,26.4,66.08,Cicalino1
2024-07-10,22:00:00,22.44,22.1,22.9,67.98,Cicalino1
2024-07-10,23:00:00,24.02,23.3,24.8,58.99,Cicalino1
2024-07-11,00:00:00,22.52,20.7,24.5,63.99,Cicalino1
2024-07-11,01:00:00,19.35,18.5,20.4,74.48,Cicalino1
2024-07-11,02:00:00,18.0,17.7,18.4,76.62,Cicalino1
2024-07-11,03:00:00,17.28,16.6,17.6,74.01,Cicalino1
2024-07-11,04:00:00,16.17,15.9,16.5,77.24,Cicalino1
2024-07-11,05:00:00,16.21,16.1,16.3,73.19,Cicalino1
2024-07-11,06:00:00,16.21,16.0,16.5,74.55,Cicalino1
2024-07-11,07:00:00,17.97,16.5,19.8,72.93,Cicalino1
2024-07-11,08:00:00,24.83,20.8,28.2,55.29,Cicalino1
2024-07-11,09:00:00,30.15,26.9,33.3,41.5,Cicalino1
2024-07-11,10:00:00,32.12,31.1,33.2,34.16,Cicalino1
2024-07-11,11:00:00,32.38,31.6,32.8,38.45,Cicalino1
2024-07-11,12:00:00,33.11,32.3,33.7,38.5,Cicalino1
2024-07-11,13:00:00,33.91,33.4,34.6,38.16,Cicalino1
2024-07-11,14:00:00,34.18,33.3,34.9,37.51,Cicalino1
2024-07-11,15:00:00,34.76,33.2,35.5,34.95,Cicalino1
2024-07-11,16:00:00,34.78,33.6,35.9,34.17,Cicalino1
2024-07-11,17:00:00,34.45,33.9,35.3,33.85,Cicalino1
2024-07-11,18:00:00,33.49,32.5,34.2,36.32,Cicalino1
2024-07-11,19:00:00,32.16,30.7,32.8,40.71,Cicalino1
2024-07-11,20:00:00,28.51,26.6,30.2,51.35,Cicalino1
2024-07-11,21:00:00,25.18,24.2,26.3,58.88,Cicalino1
2024-07-11,22:00:00,22.15,21.1,23.5,69.58,Cicalino1
2024-07-11,23:00:00,20.43,20.0,20.9,74.88,Cicalino1
2024-07-12,00:00:00,19.43,18.9,19.9,76.2,Cicalino1
2024-07-12,01:00:00,18.44,18.0,18.9,78.16,Cicalino1
2024-07-12,02:00:00,17.76,17.4,18.0,79.55,Cicalino1
2024-07-12,03:00:00,17.43,17.1,17.7,79.2,Cicalino1
2024-07-12,04:00:00,16.8,16.7,17.0,83.55,Cicalino1
2024-07-12,05:00:00,16.65,16.5,16.7,86.28,Cicalino1
2024-07-12,06:00:00,16.58,16.4,16.9,86.98,Cicalino1
2024-07-12,07:00:00,17.85,16.8,19.9,86.05,Cicalino1
2024-07-12,08:00:00,24.68,20.7,28.0,64.52,Cicalino1
2024-07-12,09:00:00,30.48,27.3,33.2,45.02,Cicalino1
2024-07-12,10:00:00,33.35,32.9,34.0,39.65,Cicalino1
2024-07-12,11:00:00,34.19,33.6,34.7,38.45,Cicalino1
2024-07-12,12:00:00,34.76,34.1,35.2,36.15,Cicalino1
2024-07-12,13:00:00,34.84,34.5,35.1,38.39,Cicalino1
2024-07-12,14:00:00,34.29,34.0,34.6,37.38,Cicalino1
2024-07-12,15:00:00,34.23,33.6,34.7,35.81,Cicalino1
2024-07-12,16:00:00,34.43,33.7,34.8,34.15,Cicalino1
2024-07-12,17:00:00,34.36,34.0,34.8,33.0,Cicalino1
2024-07-12,18:00:00,33.83,33.1,34.3,31.0,Cicalino1
2024-07-12,19:00:00,32.08,30.2,33.1,34.54,Cicalino1
2024-07-12,20:00:00,27.48,25.7,29.5,47.95,Cicalino1
2024-07-12,21:00:00,23.37,21.9,25.2,63.09,Cicalino1
2024-07-12,22:00:00,20.94,20.5,21.6,73.12,Cicalino1
2024-07-12,23:00:00,19.82,19.4,20.5,77.7,Cicalino1
2024-07-13,00:00:00,19.18,18.9,19.4,81.5,Cicalino1
2024-07-13,01:00:00,18.69,18.6,18.8,85.63,Cicalino1
2024-07-13,02:00:00,18.46,18.4,18.6,88.8,Cicalino1
2024-07-13,03:00:00,18.48,18.3,18.7,90.75,Cicalino1
2024-07-13,04:00:00,18.55,18.4,18.7,93.18,Cicalino1
2024-07-13,05:00:00,18.65,18.6,18.7,95.16,Cicalino1
2024-07-13,06:00:00,18.87,18.7,19.2,96.14,Cicalino1
2024-07-13,07:00:00,19.98,19.1,21.9,96.08,Cicalino1
2024-07-13,08:00:00,24.66,22.5,26.1,80.2,Cicalino1
2024-07-13,09:00:00,27.65,25.8,28.7,68.95,Cicalino1
2024-07-13,10:00:00,30.36,28.8,32.2,58.78,Cicalino1
2024-07-13,11:00:00,31.61,30.8,32.5,53.39,Cicalino1
2024-07-13,12:00:00,32.43,32.1,32.9,49.67,Cicalino1
2024-07-13,13:00:00,33.03,31.8,34.1,49.27,Cicalino1
2024-07-13,14:00:00,31.22,30.5,32.5,55.54,Cicalino1
2024-07-13,15:00:00,32.5,30.5,34.2,53.58,Cicalino1
2024-07-13,16:00:00,32.13,30.2,33.8,52.04,Cicalino1
2024-07-13,17:00:00,32.99,32.1,33.4,45.85,Cicalino1
2024-07-13,18:00:00,31.58,30.8,32.2,48.0,Cicalino1
2024-07-13,19:00:00,31.26,30.2,32.2,46.26,Cicalino1
2024-07-13,20:00:00,27.81,25.6,29.9,52.15,Cicalino1
2024-07-13,21:00:00,23.28,21.4,25.3,63.33,Cicalino1
2024-07-13,22:00:00,19.88,19.0,21.1,74.64,Cicalino1
2024-07-13,23:00:00,18.55,18.2,18.9,80.4,Cicalino1
2024-07-14,00:00:00,17.77,17.6,18.1,87.52,Cicalino1
2024-07-14,01:00:00,17.39,17.2,17.5,91.58,Cicalino1
2024-07-14,02:00:00,17.12,17.0,17.2,92.74,Cicalino1
2024-07-14,03:00:00,17.05,16.9,17.1,94.52,Cicalino1
2024-07-14,04:00:00,17.12,17.0,17.3,95.98,Cicalino1
2024-07-14,05:00:00,17.36,17.1,17.6,96.63,Cicalino1
2024-07-14,06:00:00,17.46,17.4,17.7,96.5,Cicalino1
2024-07-14,07:00:00,18.29,17.8,19.6,95.95,Cicalino1
2024-07-14,08:00:00,23.17,20.3,25.7,81.3,Cicalino1
2024-07-14,09:00:00,28.68,25.1,31.3,55.23,Cicalino1
2024-07-14,10:00:00,31.53,30.6,32.5,47.48,Cicalino1
2024-07-14,11:00:00,33.07,32.1,33.8,41.79,Cicalino1
2024-07-14,12:00:00,33.63,33.1,34.0,42.35,Cicalino1
2024-07-14,13:00:00,33.63,33.1,34.3,45.66,Cicalino1
2024-07-14,14:00:00,34.29,33.7,34.7,44.42,Cicalino1
2024-07-14,15:00:00,34.83,34.2,35.9,43.81,Cicalino1
2024-07-14,16:00:00,35.28,34.7,35.8,41.45,Cicalino1
2024-07-14,17:00:00,33.68,32.5,35.5,44.07,Cicalino1
2024-07-14,18:00:00,32.49,31.9,33.0,51.17,Cicalino1
2024-07-14,19:00:00,32.53,31.3,33.2,51.8,Cicalino1
2024-07-14,20:00:00,28.75,27.3,30.4,63.25,Cicalino1
2024-07-14,21:00:00,24.88,23.4,26.8,75.2,Cicalino1
2024-07-14,22:00:00,22.25,21.4,23.3,82.8,Cicalino1
2024-07-14,23:00:00,20.8,20.2,21.2,86.29,Cicalino1
2024-07-15,00:00:00,19.64,19.2,20.1,86.8,Cicalino1
2024-07-15,01:00:00,18.77,18.4,19.1,89.0,Cicalino1
2024-07-15,02:00:00,17.98,17.7,18.3,84.92,Cicalino1
2024-07-15,03:00:00,17.29,17.1,17.6,80.78,Cicalino1
2024-07-15,04:00:00,16.8,16.6,17.1,81.49,Cicalino1
2024-07-15,05:00:00,16.86,16.5,17.2,81.16,Cicalino1
2024-07-15,06:00:00,16.41,16.2,16.7,87.13,Cicalino1
2024-07-15,07:00:00,17.82,16.7,19.8,90.4,Cicalino1
2024-07-15,08:00:00,23.93,20.6,27.1,70.37,Cicalino1
2024-07-15,09:00:00,29.72,26.2,32.2,50.7,Cicalino1
2024-07-15,10:00:00,33.29,31.8,34.0,40.61,Cicalino1
2024-07-15,11:00:00,35.33,34.2,36.2,33.63,Cicalino1
2024-07-15,12:00:00,35.97,35.6,36.5,31.93,Cicalino1
2024-07-15,13:00:00,36.08,35.4,36.7,28.98,Cicalino1
2024-07-15,14:00:00,36.37,35.8,37.0,31.5,Cicalino1
2024-07-15,15:00:00,35.86,35.3,36.4,33.86,Cicalino1
2024-07-15,16:00:00,36.3,35.5,36.7,32.21,Cicalino1
2024-07-15,17:00:00,36.09,35.4,37.1,32.01,Cicalino1
2024-07-15,18:00:00,35.97,35.6,36.1,32.23,Cicalino1
2024-07-15,19:00:00,33.91,31.7,35.4,35.69,Cicalino1
2024-07-15,20:00:00,28.84,27.0,30.8,45.15,Cicalino1
2024-07-15,21:00:00,24.88,23.1,26.6,56.75,Cicalino1
2024-07-15,22:00:00,22.18,21.8,22.9,65.07,Cicalino1
2024-07-15,23:00:00,21.13,20.6,21.6,68.41,Cicalino1
2024-07-16,00:00:00,19.92,19.5,20.4,71.24,Cicalino1
2024-07-16,01:00:00,19.05,18.3,19.8,72.69,Cicalino1
2024-07-16,02:00:00,18.0,17.7,18.2,76.11,Cicalino1
2024-07-16,03:00:00,17.42,17.2,17.7,78.6,Cicalino1
2024-07-16,04:00:00,16.87,16.6,17.1,79.91,Cicalino1
2024-07-16,05:00:00,16.14,15.9,16.4,84.25,Cicalino1
2024-07-16,06:00:00,16.08,15.9,16.3,83.29,Cicalino1
2024-07-16,07:00:00,17.7,16.2,19.1,75.29,Cicalino1
2024-07-16,08:00:00,23.07,19.6,25.9,59.71,Cicalino1
2024-07-16,09:00:00,29.46,25.8,32.0,42.76,Cicalino1
2024-07-16,10:00:00,31.85,31.0,32.8,41.77,Cicalino1
2024-07-16,11:00:00,32.13,31.4,32.8,42.69,Cicalino1
2024-07-16,12:00:00,33.23,32.9,33.8,40.42,Cicalino1
2024-07-16,13:00:00,34.39,33.6,35.3,34.78,Cicalino1
2024-07-16,14:00:00,35.06,34.2,35.9,36.56,Cicalino1
2024-07-16,15:00:00,35.4,34.3,36.1,35.43,Cicalino1
2024-07-16,16:00:00,35.78,35.2,36.3,34.6,Cicalino1
2024-07-16,17:00:00,35.35,34.7,36.1,34.47,Cicalino1
2024-07-16,18:00:00,33.7,31.5,34.8,37.13,Cicalino1
2024-07-16,19:00:00,32.95,31.2,33.8,39.58,Cicalino1
2024-07-16,20:00:00,28.44,27.2,30.6,50.45,Cicalino1
2024-07-16,21:00:00,25.71,24.6,26.9,58.94,Cicalino1
2024-07-16,22:00:00,24.63,23.7,25.4,62.93,Cicalino1
2024-07-16,23:00:00,22.79,21.5,24.5,68.24,Cicalino1
2024-07-17,00:00:00,20.98,20.3,23.2,73.22,Cicalino1
2024-07-17,01:00:00,23.74,22.8,24.4,59.92,Cicalino1
2024-07-17,02:00:00,21.48,20.6,22.4,66.22,Cicalino1
2024-07-17,03:00:00,19.62,19.0,20.3,72.62,Cicalino1
2024-07-17,04:00:00,18.26,17.8,18.8,77.29,Cicalino1
2024-07-17,05:00:00,17.53,17.3,17.6,79.96,Cicalino1
2024-07-17,06:00:00,17.31,17.0,18.0,81.1,Cicalino1
2024-07-17,07:00:00,18.81,17.4,20.7,79.09,Cicalino1
2024-07-17,08:00:00,24.35,21.3,26.7,62.77,Cicalino1
2024-07-17,09:00:00,30.38,26.9,31.7,46.05,Cicalino1
2024-07-17,10:00:00,33.03,31.7,33.8,41.04,Cicalino1
2024-07-17,11:00:00,33.17,32.5,34.0,41.34,Cicalino1
2024-07-17,12:00:00,34.56,34.0,35.2,38.83,Cicalino1
2024-07-17,13:00:00,35.01,34.3,35.4,39.0,Cicalino1
2024-07-17,14:00:00,35.37,35.0,35.8,37.27,Cicalino1
2024-07-17,15:00:00,36.0,35.3,37.0,36.01,Cicalino1
2024-07-17,16:00:00,36.38,35.9,37.0,32.49,Cicalino1
2024-07-17,17:00:00,35.87,35.0,36.9,33.92,Cicalino1
2024-07-17,18:00:00,35.25,34.5,35.9,34.01,Cicalino1
2024-07-17,19:00:00,34.48,32.9,35.4,37.54,Cicalino1
2024-07-17,20:00:00,29.82,28.1,32.1,49.19,Cicalino1
2024-07-17,21:00:00,26.89,25.6,27.9,59.71,Cicalino1
2024-07-17,22:00:00,24.01,22.7,25.3,69.05,Cicalino1
2024-07-17,23:00:00,21.65,21.0,22.6,73.18,Cicalino1
2024-07-18,00:00:00,20.17,19.7,20.9,74.31,Cicalino1
2024-07-18,01:00:00,19.16,18.6,19.7,73.78,Cicalino1
2024-07-18,02:00:00,17.84,17.3,18.4,75.33,Cicalino1
2024-07-18,03:00:00,16.97,16.7,17.2,75.86,Cicalino1
2024-07-18,04:00:00,16.3,15.9,16.8,77.21,Cicalino1
2024-07-18,05:00:00,15.75,15.7,15.8,78.53,Cicalino1
2024-07-18,06:00:00,15.59,15.4,16.0,78.41,Cicalino1
2024-07-18,07:00:00,17.22,16.1,19.1,78.55,Cicalino1
2024-07-18,08:00:00,23.13,19.8,25.9,65.65,Cicalino1
2024-07-18,09:00:00,29.15,24.9,31.6,45.4,Cicalino1
2024-07-18,10:00:00,34.02,32.3,35.6,35.32,Cicalino1
2024-07-18,11:00:00,36.29,35.0,37.8,30.48,Cicalino1
2024-07-18,12:00:00,35.66,35.2,36.1,29.92,Cicalino1
2024-07-18,13:00:00,35.87,35.1,37.1,31.54,Cicalino1
2024-07-18,14:00:00,37.09,35.8,38.3,30.28,Cicalino1
2024-07-18,15:00:00,35.68,34.8,36.4,34.57,Cicalino1
2024-07-18,16:00:00,34.62,33.9,35.6,39.86,Cicalino1
2024-07-18,17:00:00,35.06,34.4,35.6,36.05,Cicalino1
2024-07-18,18:00:00,34.89,34.2,35.6,31.94,Cicalino1
2024-07-18,19:00:00,33.55,32.5,34.2,34.04,Cicalino1
2024-07-18,20:00:00,30.14,29.0,31.9,37.66,Cicalino1
2024-07-18,21:00:00,27.84,27.0,28.7,44.98,Cicalino1
2024-07-18,22:00:00,24.93,23.6,26.7,50.76,Cicalino1
2024-07-18,23:00:00,22.38,21.6,23.4,60.3,Cicalino1
2024-07-19,00:00:00,21.11,20.8,21.4,60.39,Cicalino1
2024-07-19,01:00:00,19.87,19.4,20.7,59.38,Cicalino1
2024-07-19,02:00:00,18.53,18.1,19.2,63.98,Cicalino1
2024-07-19,03:00:00,18.2,17.9,18.6,66.14,Cicalino1
2024-07-19,04:00:00,17.75,17.6,17.9,69.52,Cicalino1
2024-07-19,05:00:00,18.09,17.9,18.2,71.85,Cicalino1
2024-07-19,06:00:00,18.1,18.0,18.3,75.98,Cicalino1
2024-07-19,07:00:00,18.81,18.1,20.3,78.41,Cicalino1
2024-07-19,08:00:00,23.92,20.8,26.3,63.35,Cicalino1
2024-07-19,09:00:00,30.68,26.5,33.2,47.93,Cicalino1
2024-07-19,10:00:00,34.8,33.4,36.0,40.25,Cicalino1
2024-07-19,11:00:00,36.45,35.4,37.3,39.3,Cicalino1
2024-07-19,12:00:00,36.55,34.9,37.4,37.88,Cicalino1
2024-07-19,13:00:00,34.98,33.3,36.6,43.99,Cicalino1
2024-07-19,14:00:00,35.67,34.8,36.2,41.23,Cicalino1
2024-07-19,15:00:00,36.15,35.7,37.1,38.31,Cicalino1
2024-07-19,16:00:00,36.15,35.4,36.9,40.75,Cicalino1
2024-07-19,17:00:00,35.45,34.3,36.2,43.58,Cicalino1
2024-07-19,18:00:00,34.35,33.2,35.5,43.45,Cicalino1
2024-07-19,19:00:00,32.47,30.8,33.3,47.57,Cicalino1
2024-07-19,20:00:00,29.51,28.4,30.7,53.16,Cicalino1
2024-07-19,21:00:00,27.4,26.6,28.2,54.77,Cicalino1
2024-07-19,22:00:00,25.47,25.0,26.4,65.55,Cicalino1
2024-07-19,23:00:00,24.74,24.2,25.1,62.16,Cicalino1
2024-07-20,00:00:00,23.91,23.2,24.3,72.92,Cicalino1
2024-07-20,01:00:00,22.02,21.1,22.9,81.94,Cicalino1
2024-07-20,02:00:00,19.77,18.9,20.8,85.37,Cicalino1
2024-07-20,03:00:00,18.11,17.6,18.7,84.73,Cicalino1
2024-07-20,04:00:00,17.99,17.4,18.8,83.63,Cicalino1
2024-07-20,05:00:00,20.48,18.8,22.2,86.97,Cicalino1
2024-07-20,06:00:00,22.45,22.0,23.2,85.91,Cicalino1
2024-07-20,07:00:00,21.83,21.4,22.4,82.25,Cicalino1
2024-07-20,08:00:00,24.75,22.6,26.7,70.48,Cicalino1
2024-07-20,09:00:00,29.06,26.3,30.4,56.88,Cicalino1
2024-07-20,10:00:00,31.17,30.6,31.8,50.7,Cicalino1
2024-07-20,11:00:00,31.65,31.2,32.4,49.54,Cicalino1
2024-07-20,12:00:00,32.65,32.2,33.4,46.32,Cicalino1
2024-07-20,13:00:00,33.31,32.7,33.8,43.45,Cicalino1
2024-07-20,14:00:00,33.53,32.5,34.2,42.3,Cicalino1
2024-07-20,15:00:00,33.3,32.5,33.9,42.59,Cicalino1
2024-07-20,16:00:00,33.3,32.8,33.7,43.63,Cicalino1
2024-07-20,17:00:00,33.7,33.3,34.2,44.5,Cicalino1
2024-07-20,18:00:00,33.51,32.8,33.9,43.29,Cicalino1
2024-07-20,19:00:00,32.22,30.6,33.4,46.75,Cicalino1
2024-07-20,20:00:00,27.85,26.3,29.9,58.62,Cicalino1
2024-07-20,21:00:00,24.65,23.4,26.0,69.33,Cicalino1
2024-07-20,22:00:00,22.13,21.4,23.1,78.35,Cicalino1
2024-07-20,23:00:00,20.57,20.0,21.3,84.71,Cicalino1
2024-07-21,00:00:00,19.53,19.2,20.0,89.9,Cicalino1
2024-07-21,01:00:00,19.38,19.2,19.5,92.46,Cicalino1
2024-07-21,02:00:00,18.82,18.4,19.1,93.05,Cicalino1
2024-07-21,03:00:00,18.16,18.0,18.4,92.58,Cicalino1
2024-07-21,04:00:00,17.82,17.7,18.0,93.92,Cicalino1
2024-07-21,05:00:00,17.74,17.6,18.0,94.48,Cicalino1
2024-07-21,06:00:00,17.79,17.6,18.1,94.9,Cicalino1
2024-07-21,07:00:00,19.09,18.2,20.6,93.65,Cicalino1
2024-07-21,08:00:00,24.05,21.0,26.5,76.27,Cicalino1
2024-07-21,09:00:00,30.28,27.5,31.8,53.95,Cicalino1
2024-07-21,10:00:00,31.96,30.9,33.2,49.25,Cicalino1
2024-07-21,11:00:00,33.75,32.7,34.2,45.12,Cicalino1
2024-07-21,12:00:00,34.65,34.2,34.9,42.36,Cicalino1
2024-07-21,13:00:00,34.74,34.2,35.4,42.27,Cicalino1
2024-07-21,14:00:00,35.25,34.6,35.9,38.07,Cicalino1
2024-07-21,15:00:00,35.05,33.7,37.1,38.68,Cicalino1
2024-07-21,16:00:00,35.5,34.1,36.3,38.88,Cicalino1
2024-07-21,17:00:00,33.13,31.5,34.5,49.2,Cicalino1
2024-07-21,18:00:00,32.14,29.7,33.9,50.73,Cicalino1
2024-07-21,19:00:00,28.04,27.5,29.4,69.28,Cicalino1
2024-07-21,20:00:00,26.91,26.3,27.7,72.23,Cicalino1
2024-07-21,21:00:00,25.37,25.0,26.2,78.15,Cicalino1
2024-07-21,22:00:00,25.17,24.3,25.9,69.08,Cicalino1
2024-07-21,23:00:00,24.12,23.8,24.3,72.23,Cicalino1
2024-07-22,00:00:00,23.85,23.7,24.2,77.66,Cicalino1
2024-07-22,01:00:00,23.46,22.7,24.1,74.56,Cicalino1
2024-07-22,02:00:00,24.33,23.5,25.3,65.77,Cicalino1
2024-07-22,03:00:00,21.23,20.7,22.7,85.91,Cicalino1
2024-07-22,04:00:00,21.16,20.9,21.4,86.99,Cicalino1
2024-07-22,05:00:00,21.02,20.7,21.5,87.43,Cicalino1
2024-07-22,06:00:00,21.03,20.6,21.5,89.11,Cicalino1
2024-07-22,07:00:00,20.52,20.2,21.4,90.48,Cicalino1
2024-07-22,08:00:00,23.45,21.6,25.7,76.55,Cicalino1
2024-07-22,09:00:00,27.78,26.2,29.8,58.56,Cicalino1
2024-07-22,10:00:00,31.19,29.6,33.2,49.72,Cicalino1
2024-07-22,11:00:00,31.52,29.8,33.7,49.66,Cicalino1
2024-07-22,12:00:00,31.37,30.2,32.2,48.14,Cicalino1
2024-07-22,13:00:00,32.09,31.3,32.9,46.33,Cicalino1
2024-07-22,14:00:00,33.24,31.6,34.6,43.92,Cicalino1
2024-07-22,15:00:00,29.1,24.0,31.9,58.93,Cicalino1
2024-07-22,16:00:00,22.37,21.8,23.0,88.05,Cicalino1
2024-07-22,17:00:00,22.55,22.1,23.4,87.88,Cicalino1
2024-07-22,18:00:00,23.91,23.4,24.4,83.52,Cicalino1
2024-07-22,19:00:00,28.44,25.9,29.3,68.5,Cicalino1
2024-07-22,20:00:00,25.41,23.6,27.7,76.98,Cicalino1
2024-07-22,21:00:00,22.53,21.6,23.5,86.05,Cicalino1
2024-07-22,22:00:00,20.61,19.9,21.4,89.49,Cicalino1
2024-07-22,23:00:00,19.58,19.4,19.8,91.72,Cicalino1
2024-07-23,00:00:00,19.26,19.1,19.4,92.96,Cicalino1
2024-07-23,01:00:00,19.12,19.0,19.2,94.28,Cicalino1
2024-07-23,02:00:00,18.85,18.7,19.0,95.08,Cicalino1
2024-07-23,03:00:00,18.66,18.6,18.7,95.69,Cicalino1
2024-07-23,04:00:00,18.59,18.4,18.7,96.34,Cicalino1
2024-07-23,05:00:00,18.12,18.0,18.3,96.93,Cicalino1
2024-07-23,06:00:00,18.01,17.9,18.2,96.93,Cicalino1
2024-07-23,07:00:00,18.94,18.1,20.3,96.2,Cicalino1
2024-07-23,08:00:00,23.31,20.6,25.5,82.79,Cicalino1
2024-07-23,09:00:00,29.86,26.3,32.2,54.78,Cicalino1
2024-07-23,10:00:00,33.35,32.4,34.3,42.78,Cicalino1
2024-07-23,11:00:00,34.66,34.2,35.5,38.88,Cicalino1
2024-07-23,12:00:00,35.12,34.3,35.6,37.55,Cicalino1
2024-07-23,13:00:00,35.02,34.7,35.3,39.99,Cicalino1
2024-07-23,14:00:00,34.67,33.9,35.3,45.91,Cicalino1
2024-07-23,15:00:00,35.23,34.6,35.8,43.42,Cicalino1
2024-07-23,16:00:00,34.9,34.3,35.4,45.16,Cicalino1
2024-07-23,17:00:00,34.15,33.3,34.7,43.47,Cicalino1
2024-07-23,18:00:00,33.28,32.8,33.9,45.88,Cicalino1
2024-07-23,19:00:00,31.61,30.1,33.2,49.16,Cicalino1
2024-07-23,20:00:00,27.83,26.4,29.5,59.05,Cicalino1
2024-07-23,21:00:00,25.56,25.0,26.3,66.95,Cicalino1
2024-07-23,22:00:00,24.45,24.2,24.9,71.97,Cicalino1
2024-07-23,23:00:00,23.95,23.6,24.3,71.91,Cicalino1
2024-07-24,00:00:00,23.88,23.4,24.1,65.75,Cicalino1
2024-07-24,01:00:00,23.13,22.9,23.4,68.65,Cicalino1
2024-07-24,02:00:00,23.16,22.9,23.4,67.13,Cicalino1
2024-07-24,03:00:00,20.96,20.0,22.7,75.57,Cicalino1
2024-07-24,04:00:00,20.85,20.0,22.0,78.32,Cicalino1
2024-07-24,05:00:00,20.43,19.7,21.5,82.28,Cicalino1
2024-07-24,06:00:00,19.25,19.0,19.6,87.98,Cicalino1
2024-07-24,07:00:00,19.93,19.2,20.9,88.12,Cicalino1
2024-07-24,08:00:00,23.75,21.0,25.6,74.91,Cicalino1
2024-07-24,09:00:00,29.22,26.8,31.8,58.83,Cicalino1
2024-07-24,10:00:00,33.41,31.9,34.7,48.07,Cicalino1
2024-07-24,11:00:00,35.15,33.9,36.1,42.55,Cicalino1
2024-07-24,12:00:00,32.72,31.2,34.7,50.03,Cicalino1
2024-07-24,13:00:00,33.89,31.7,35.8,45.11,Cicalino1
2024-07-24,14:00:00,34.32,33.1,35.3,45.77,Cicalino1
2024-07-24,15:00:00,34.38,33.2,35.2,48.24,Cicalino1
2024-07-24,16:00:00,35.25,34.6,35.9,44.48,Cicalino1
2024-07-24,17:00:00,34.76,33.9,36.1,42.64,Cicalino1
2024-07-24,18:00:00,34.09,33.8,34.4,46.46,Cicalino1
2024-07-24,19:00:00,32.6,30.9,34.2,51.86,Cicalino1
2024-07-24,20:00:00,29.05,27.9,30.5,61.61,Cicalino1
2024-07-24,21:00:00,26.67,26.0,27.6,68.57,Cicalino1
2024-07-24,22:00:00,25.36,24.8,25.9,72.68,Cicalino1
2024-07-24,23:00:00,23.78,23.2,24.5,79.68,Cicalino1
2024-07-25,00:00:00,22.65,22.4,23.2,84.05,Cicalino1
2024-07-25,01:00:00,21.64,21.1,22.3,87.01,Cicalino1
2024-07-25,02:00:00,20.74,20.6,21.0,89.81,Cicalino1
2024-07-25,03:00:00,20.25,20.1,20.5,89.91,Cicalino1
2024-07-25,04:00:00,22.67,20.2,24.7,74.46,Cicalino1
2024-07-25,05:00:00,24.31,23.2,24.8,61.66,Cicalino1
2024-07-25,06:00:00,22.29,21.4,22.9,69.03,Cicalino1
2024-07-25,07:00:00,21.72,21.3,22.6,74.76,Cicalino1
2024-07-25,08:00:00,25.48,22.8,27.3,60.93,Cicalino1
2024-07-25,09:00:00,30.4,28.3,31.9,44.6,Cicalino1
2024-07-25,10:00:00,33.22,32.0,34.4,37.81,Cicalino1
2024-07-25,11:00:00,34.25,33.1,35.2,35.25,Cicalino1
2024-07-25,12:00:00,35.61,35.2,36.0,32.52,Cicalino1
2024-07-25,13:00:00,35.2,34.7,35.7,35.69,Cicalino1
2024-07-25,14:00:00,35.47,34.6,36.6,37.86,Cicalino1
2024-07-25,15:00:00,34.57,33.3,35.5,41.02,Cicalino1
2024-07-25,16:00:00,35.47,34.8,36.2,39.67,Cicalino1
2024-07-25,17:00:00,35.13,34.7,36.2,39.7,Cicalino1
2024-07-25,18:00:00,34.62,34.0,35.7,40.11,Cicalino1
2024-07-25,19:00:00,33.62,32.5,34.1,42.17,Cicalino1
2024-07-25,20:00:00,29.83,27.7,31.9,54.5,Cicalino1
2024-07-25,21:00:00,25.88,24.4,27.4,69.54,Cicalino1
2024-07-25,22:00:00,23.15,22.4,24.1,79.11,Cicalino1
2024-07-25,23:00:00,21.95,21.6,22.3,84.32,Cicalino1
2024-07-26,00:00:00,21.35,20.9,21.7,86.84,Cicalino1
2024-07-26,01:00:00,20.51,20.2,20.8,87.53,Cicalino1
2024-07-26,02:00:00,19.76,19.5,20.1,87.89,Cicalino1
2024-07-26,03:00:00,19.35,19.1,19.6,87.65,Cicalino1
2024-07-26,04:00:00,18.95,18.8,19.1,89.13,Cicalino1
2024-07-26,05:00:00,18.7,18.5,18.8,90.59,Cicalino1
2024-07-26,06:00:00,18.47,18.3,18.7,91.64,Cicalino1
2024-07-26,07:00:00,19.25,18.4,20.8,90.79,Cicalino1
2024-07-26,08:00:00,24.16,21.1,26.9,72.76,Cicalino1
2024-07-26,09:00:00,30.85,28.2,32.2,48.55,Cicalino1
2024-07-26,10:00:00,33.24,32.5,34.1,44.03,Cicalino1
2024-07-26,11:00:00,34.69,34.3,35.0,39.86,Cicalino1
2024-07-26,12:00:00,35.34,34.5,35.8,39.84,Cicalino1
2024-07-26,13:00:00,35.78,35.4,36.1,41.68,Cicalino1
2024-07-26,14:00:00,35.45,34.6,36.2,42.17,Cicalino1
2024-07-26,15:00:00,36.01,35.3,36.6,38.64,Cicalino1
2024-07-26,16:00:00,35.68,35.0,36.5,39.0,Cicalino1
2024-07-26,17:00:00,35.56,34.7,36.3,40.84,Cicalino1
2024-07-26,18:00:00,34.74,34.1,35.4,42.65,Cicalino1
2024-07-26,19:00:00,33.79,33.1,34.5,47.45,Cicalino1
2024-07-26,20:00:00,28.91,27.1,31.8,68.59,Cicalino1
2024-07-26,21:00:00,25.57,24.2,26.9,79.89,Cicalino1
2024-07-26,22:00:00,23.07,22.2,24.0,85.66,Cicalino1
2024-07-26,23:00:00,21.64,21.0,22.2,88.83,Cicalino1
2024-07-27,00:00:00,20.73,20.4,21.0,91.69,Cicalino1
2024-07-27,01:00:00,20.08,19.9,20.3,93.64,Cicalino1
2024-07-27,02:00:00,19.53,19.2,19.8,94.79,Cicalino1
2024-07-27,03:00:00,18.88,18.7,19.2,95.59,Cicalino1
2024-07-27,04:00:00,18.54,18.4,18.8,96.46,Cicalino1
2024-07-27,05:00:00,18.26,18.1,18.4,96.98,Cicalino1
2024-07-27,06:00:00,18.07,17.9,18.3,97.25,Cicalino1
2024-07-27,07:00:00,18.66,17.9,19.6,97.43,Cicalino1
2024-07-27,08:00:00,22.89,20.0,25.6,90.93,Cicalino1
2024-07-27,09:00:00,30.25,27.0,32.5,55.99,Cicalino1
2024-07-27,10:00:00,34.05,32.9,34.9,40.52,Cicalino1
2024-07-27,11:00:00,35.36,35.0,36.2,33.01,Cicalino1
2024-07-27,12:00:00,36.35,36.0,36.9,29.75,Cicalino1
2024-07-27,13:00:00,36.29,35.6,37.0,31.28,Cicalino1
2024-07-27,14:00:00,36.56,36.1,37.1,32.75,Cicalino1
2024-07-27,15:00:00,36.89,36.2,37.5,30.85,Cicalino1
2024-07-27,16:00:00,36.98,36.0,37.8,28.85,Cicalino1
2024-07-27,17:00:00,36.36,35.6,37.3,33.05,Cicalino1
2024-07-27,18:00:00,34.9,34.4,35.6,38.35,Cicalino1
2024-07-27,19:00:00,33.79,31.9,34.9,39.73,Cicalino1
2024-07-27,20:00:00,29.2,27.0,31.3,54.03,Cicalino1
2024-07-27,21:00:00,24.54,22.9,26.6,66.95,Cicalino1
2024-07-27,22:00:00,21.63,20.9,22.6,77.58,Cicalino1
2024-07-27,23:00:00,20.23,20.0,20.7,80.72,Cicalino1
2024-07-28,00:00:00,19.35,19.0,19.8,82.52,Cicalino1
2024-07-28,01:00:00,18.59,18.4,19.0,86.63,Cicalino1
2024-07-28,02:00:00,17.79,17.4,18.2,87.26,Cicalino1
2024-07-28,03:00:00,17.43,17.3,17.6,88.77,Cicalino1
2024-07-28,04:00:00,17.08,17.0,17.3,89.03,Cicalino1
2024-07-28,05:00:00,17.04,16.9,17.2,89.03,Cicalino1
2024-07-28,06:00:00,17.06,16.8,17.3,90.43,Cicalino1
2024-07-28,07:00:00,17.95,17.1,19.1,92.02,Cicalino1
2024-07-28,08:00:00,23.17,19.6,26.5,75.94,Cicalino1
2024-07-28,09:00:00,31.05,27.6,33.2,47.9,Cicalino1
2024-07-28,10:00:00,34.68,33.8,36.1,38.31,Cicalino1
2024-07-28,11:00:00,36.05,34.7,37.0,34.16,Cicalino1
2024-07-28,12:00:00,36.77,36.0,37.3,26.25,Cicalino1
2024-07-28,13:00:00,37.16,36.2,37.9,29.38,Cicalino1
2024-07-28,14:00:00,36.93,36.0,37.7,33.42,Cicalino1
2024-07-28,15:00:00,36.71,36.0,37.2,31.33,Cicalino1
2024-07-28,16:00:00,36.67,36.4,36.9,31.19,Cicalino1
2024-07-28,17:00:00,36.72,36.1,37.2,29.14,Cicalino1
2024-07-28,18:00:00,36.03,35.3,36.8,25.73,Cicalino1
2024-07-28,19:00:00,34.37,32.6,35.7,31.94,Cicalino1
2024-07-28,20:00:00,29.85,27.7,32.4,45.83,Cicalino1
2024-07-28,21:00:00,25.42,23.9,27.3,58.0,Cicalino1
2024-07-28,22:00:00,22.26,21.2,23.6,67.3,Cicalino1
2024-07-28,23:00:00,20.54,20.1,21.1,73.2,Cicalino1
2024-07-29,00:00:00,19.98,19.8,20.2,72.57,Cicalino1
2024-07-29,01:00:00,19.73,19.6,19.8,65.78,Cicalino1
2024-07-29,02:00:00,19.08,18.8,19.5,58.2,Cicalino1
2024-07-29,03:00:00,18.9,18.7,19.1,58.11,Cicalino1
2024-07-29,04:00:00,19.01,18.8,19.3,62.0,Cicalino1
2024-07-29,05:00:00,18.11,17.7,18.8,69.54,Cicalino1
2024-07-29,06:00:00,17.66,17.4,17.8,73.17,Cicalino1
2024-07-29,07:00:00,18.52,17.8,19.8,72.75,Cicalino1
2024-07-29,08:00:00,23.57,20.4,26.9,59.05,Cicalino1
2024-07-29,09:00:00,31.77,28.5,33.8,38.35,Cicalino1
2024-07-29,10:00:00,35.61,34.2,36.7,32.44,Cicalino1
2024-07-29,11:00:00,37.26,36.9,37.6,31.35,Cicalino1
2024-07-29,12:00:00,37.57,37.0,38.0,31.08,Cicalino1
2024-07-29,13:00:00,38.15,37.1,38.7,29.71,Cicalino1
2024-07-29,14:00:00,38.56,37.1,39.4,31.45,Cicalino1
2024-07-29,15:00:00,36.94,36.3,37.9,38.87,Cicalino1
2024-07-29,16:00:00,37.39,36.5,38.5,38.85,Cicalino1
2024-07-29,17:00:00,37.05,36.1,38.1,39.36,Cicalino1
2024-07-29,18:00:00,35.99,34.6,37.1,40.53,Cicalino1
2024-07-29,19:00:00,34.02,32.3,34.7,44.33,Cicalino1
2024-07-29,20:00:00,30.3,29.3,31.7,54.13,Cicalino1
2024-07-29,21:00:00,28.98,28.8,29.4,58.15,Cicalino1
2024-07-29,22:00:00,27.34,25.9,29.1,63.71,Cicalino1
2024-07-29,23:00:00,25.0,24.5,25.7,71.92,Cicalino1
2024-07-30,00:00:00,24.28,24.0,24.8,73.38,Cicalino1
2024-07-30,01:00:00,25.27,24.1,26.2,66.86,Cicalino1
2024-07-30,02:00:00,26.16,25.1,26.9,61.24,Cicalino1
2024-07-30,03:00:00,26.4,24.8,27.5,59.05,Cicalino1
2024-07-30,04:00:00,22.82,21.9,24.2,72.48,Cicalino1
2024-07-30,05:00:00,22.04,21.7,22.8,74.78,Cicalino1
2024-07-30,06:00:00,22.52,21.9,23.2,70.92,Cicalino1
2024-07-30,07:00:00,22.8,22.1,23.4,70.35,Cicalino1
2024-07-30,08:00:00,26.37,23.8,29.6,61.49,Cicalino1
2024-07-30,09:00:00,32.74,30.7,34.2,37.06,Cicalino1
2024-07-30,10:00:00,35.49,34.4,35.9,27.32,Cicalino1
2024-07-30,11:00:00,36.33,35.8,37.0,25.6,Cicalino1
2024-07-30,12:00:00,37.85,37.0,38.3,22.26,Cicalino1
2024-07-30,13:00:00,39.02,38.6,39.9,20.93,Cicalino1
2024-07-30,14:00:00,39.08,38.0,39.9,22.14,Cicalino1
2024-07-30,15:00:00,38.44,38.0,39.2,25.31,Cicalino1
2024-07-30,16:00:00,38.44,37.4,39.4,25.93,Cicalino1
2024-07-30,17:00:00,38.13,37.6,39.2,25.77,Cicalino1
2024-07-30,18:00:00,36.42,35.7,38.6,26.38,Cicalino1
2024-07-30,19:00:00,35.92,35.0,36.3,26.58,Cicalino1
2024-07-30,20:00:00,31.5,29.7,34.2,35.19,Cicalino1
2024-07-30,21:00:00,28.05,27.4,29.3,45.58,Cicalino1
2024-07-30,22:00:00,26.42,25.2,27.9,49.81,Cicalino1
2024-07-30,23:00:00,24.35,24.0,25.1,56.12,Cicalino1
2024-07-31,00:00:00,23.69,23.4,23.9,60.09,Cicalino1
2024-07-31,01:00:00,23.17,22.9,23.5,66.33,Cicalino1
2024-07-31,02:00:00,22.98,22.4,23.3,67.7,Cicalino1
2024-07-31,03:00:00,21.63,21.1,22.3,72.1,Cicalino1
2024-07-31,04:00:00,20.8,20.6,21.1,75.7,Cicalino1
2024-07-31,05:00:00,20.27,19.9,20.9,77.85,Cicalino1
2024-07-31,06:00:00,19.6,19.5,19.9,80.9,Cicalino1
2024-07-31,07:00:00,20.26,19.6,21.4,80.95,Cicalino1
2024-07-31,08:00:00,25.05,21.8,29.3,67.86,Cicalino1
2024-07-31,09:00:00,33.5,30.7,35.8,42.69,Cicalino1
2024-07-31,10:00:00,36.35,35.9,37.0,36.15,Cicalino1
2024-07-31,11:00:00,36.62,35.9,37.4,35.12,Cicalino1
2024-07-31,12:00:00,37.88,37.4,38.4,30.3,Cicalino1
2024-07-31,13:00:00,38.08,37.8,38.3,30.35,Cicalino1
2024-07-31,14:00:00,38.47,37.3,39.3,27.99,Cicalino1
2024-07-31,15:00:00,38.31,38.0,38.6,26.46,Cicalino1
2024-07-31,16:00:00,38.55,38.0,38.9,25.6,Cicalino1
2024-07-31,17:00:00,37.82,37.4,38.4,24.55,Cicalino1
2024-07-31,18:00:00,37.28,36.5,37.9,29.69,Cicalino1
2024-07-31,19:00:00,35.32,33.3,36.8,39.85,Cicalino1
2024-07-31,20:00:00,30.38,29.0,32.7,52.27,Cicalino1
2024-07-31,21:00:00,28.14,27.7,28.8,61.91,Cicalino1
2024-07-31,22:00:00,26.67,25.4,27.5,66.43,Cicalino1
2024-07-31,23:00:00,23.89,23.1,25.0,69.31,Cicalino1
2024-08-01,00:00:00,22.99,22.6,23.4,67.56,Cicalino1
2024-08-01,01:00:00,22.33,22.2,22.6,68.47,Cicalino1
2024-08-01,02:00:00,21.45,21.2,22.0,71.3,Cicalino1
2024-08-01,03:00:00,20.99,20.8,21.2,75.1,Cicalino1
2024-08-01,04:00:00,20.65,20.3,20.8,75.75,Cicalino1
2024-08-01,05:00:00,19.75,19.1,20.2,72.15,Cicalino1
2024-08-01,06:00:00,18.73,18.4,19.0,70.76,Cicalino1
2024-08-01,07:00:00,19.16,18.4,20.5,77.38,Cicalino1
2024-08-01,08:00:00,23.69,21.0,27.1,66.49,Cicalino1
2024-08-01,09:00:00,30.29,28.0,31.7,45.77,Cicalino1
2024-08-01,10:00:00,32.66,32.1,33.4,40.12,Cicalino1
2024-08-01,11:00:00,34.66,32.9,35.6,37.01,Cicalino1
2024-08-01,12:00:00,35.52,34.6,36.1,36.04,Cicalino1
2024-08-01,13:00:00,35.93,35.5,36.7,30.08,Cicalino1
2024-08-01,14:00:00,36.64,36.1,37.1,25.55,Cicalino1
2024-08-01,15:00:00,37.24,36.5,38.3,26.68,Cicalino1
2024-08-01,16:00:00,37.24,36.8,37.7,28.81,Cicalino1
2024-08-01,17:00:00,36.78,35.8,37.6,34.46,Cicalino1
2024-08-01,18:00:00,35.37,34.8,35.8,36.99,Cicalino1
2024-08-01,19:00:00,33.63,32.0,35.0,37.98,Cicalino1
2024-08-01,20:00:00,29.6,27.1,31.9,46.95,Cicalino1
2024-08-01,21:00:00,24.88,23.4,26.7,58.99,Cicalino1
2024-08-01,22:00:00,22.17,21.6,23.1,67.61,Cicalino1
2024-08-01,23:00:00,21.08,20.9,21.5,76.04,Cicalino1
2024-08-02,00:00:00,20.66,20.4,20.8,82.8,Cicalino1
2024-08-02,01:00:00,20.27,20.0,20.5,85.88,Cicalino1
2024-08-02,02:00:00,20.1,20.0,20.2,87.75,Cicalino1
2024-08-02,03:00:00,20.16,20.0,20.4,90.93,Cicalino1
2024-08-02,04:00:00,20.11,19.7,20.5,92.74,Cicalino1
2024-08-02,05:00:00,19.43,19.4,19.6,94.65,Cicalino1
2024-08-02,06:00:00,19.35,19.2,19.6,95.65,Cicalino1
2024-08-02,07:00:00,19.93,19.2,21.1,96.32,Cicalino1
2024-08-02,08:00:00,24.52,21.7,27.2,85.82,Cicalino1
2024-08-02,09:00:00,29.42,27.5,30.8,67.98,Cicalino1
2024-08-02,10:00:00,31.74,30.6,32.8,58.56,Cicalino1
2024-08-02,11:00:00,33.16,32.7,33.9,50.97,Cicalino1
2024-08-02,12:00:00,35.0,33.4,35.7,41.92,Cicalino1
2024-08-02,13:00:00,36.28,35.6,37.1,39.59,Cicalino1
2024-08-02,14:00:00,35.45,33.8,36.4,44.33,Cicalino1
2024-08-02,15:00:00,36.06,34.0,37.0,44.15,Cicalino1
2024-08-02,16:00:00,36.15,35.2,37.2,42.27,Cicalino1
2024-08-02,17:00:00,34.8,33.8,35.4,49.49,Cicalino1
2024-08-02,18:00:00,32.89,31.5,33.9,54.05,Cicalino1
2024-08-02,19:00:00,32.4,31.4,33.2,54.82,Cicalino1
2024-08-02,20:00:00,28.93,27.3,31.0,69.78,Cicalino1
2024-08-02,21:00:00,26.23,25.3,27.1,79.96,Cicalino1
2024-08-02,22:00:00,24.25,23.5,25.2,85.25,Cicalino1
2024-08-02,23:00:00,22.88,22.7,23.3,88.9,Cicalino1
2024-08-03,00:00:00,22.44,22.1,22.8,87.94,Cicalino1
2024-08-03,01:00:00,21.93,21.7,22.1,89.03,Cicalino1
2024-08-03,02:00:00,21.85,21.7,22.0,91.74,Cicalino1
2024-08-03,03:00:00,21.93,21.6,22.1,91.92,Cicalino1
2024-08-03,04:00:00,21.91,21.5,22.8,94.08,Cicalino1
2024-08-03,05:00:00,22.94,22.7,23.0,94.06,Cicalino1
2024-08-03,06:00:00,22.22,21.7,22.7,93.04,Cicalino1
2024-08-03,07:00:00,21.98,21.7,23.0,92.27,Cicalino1
2024-08-03,08:00:00,24.69,23.3,26.4,85.66,Cicalino1
2024-08-03,09:00:00,27.21,26.8,28.2,78.05,Cicalino1
2024-08-03,10:00:00,29.2,28.1,31.9,66.12,Cicalino1
2024-08-03,11:00:00,33.35,31.6,35.4,47.7,Cicalino1
2024-08-03,12:00:00,35.05,33.8,36.5,37.72,Cicalino1
2024-08-03,13:00:00,35.82,33.6,36.4,40.46,Cicalino1
2024-08-03,14:00:00,33.51,32.7,34.0,54.2,Cicalino1
2024-08-03,15:00:00,35.07,34.0,35.8,48.34,Cicalino1
2024-08-03,16:00:00,36.04,35.2,36.4,44.24,Cicalino1
2024-08-03,17:00:00,35.52,33.6,38.3,40.01,Cicalino1
2024-08-03,18:00:00,33.32,31.9,34.3,43.49,Cicalino1
2024-08-03,19:00:00,24.86,23.9,28.8,84.78,Cicalino1
2024-08-03,20:00:00,24.71,23.5,26.1,87.66,Cicalino1
2024-08-03,21:00:00,22.42,21.8,23.2,92.81,Cicalino1
2024-08-03,22:00:00,21.26,20.9,21.7,94.62,Cicalino1
2024-08-03,23:00:00,20.8,20.7,20.9,96.0,Cicalino1
2024-08-04,00:00:00,20.4,20.1,20.6,96.57,Cicalino1
2024-08-04,01:00:00,20.06,19.9,20.2,96.8,Cicalino1
2024-08-04,02:00:00,19.53,19.1,19.9,96.79,Cicalino1
2024-08-04,03:00:00,18.95,18.8,19.1,97.22,Cicalino1
2024-08-04,04:00:00,18.67,18.5,18.8,97.52,Cicalino1
2024-08-04,05:00:00,18.45,18.4,18.6,97.59,Cicalino1
2024-08-04,06:00:00,18.45,18.4,18.7,97.11,Cicalino1
2024-08-04,07:00:00,19.01,18.6,19.9,96.67,Cicalino1
2024-08-04,08:00:00,22.1,20.1,25.3,91.69,Cicalino1
2024-08-04,09:00:00,28.89,25.7,31.0,61.08,Cicalino1
2024-08-04,10:00:00,32.33,31.4,33.3,46.0,Cicalino1
2024-08-04,11:00:00,33.78,32.4,34.6,41.16,Cicalino1
2024-08-04,12:00:00,34.55,33.2,35.6,39.2,Cicalino1
2024-08-04,13:00:00,34.18,32.8,35.9,39.55,Cicalino1
2024-08-04,14:00:00,35.87,34.7,36.5,35.02,Cicalino1
2024-08-04,15:00:00,34.21,33.3,35.8,40.58,Cicalino1
2024-08-04,16:00:00,33.65,32.8,34.5,42.82,Cicalino1
2024-08-04,17:00:00,34.13,33.2,34.9,41.73,Cicalino1
2024-08-04,18:00:00,31.68,30.5,33.2,45.51,Cicalino1
2024-08-04,19:00:00,31.35,30.1,32.4,47.49,Cicalino1
2024-08-04,20:00:00,28.62,27.7,29.6,56.09,Cicalino1
2024-08-04,21:00:00,27.15,27.0,27.5,62.12,Cicalino1
2024-08-04,22:00:00,26.62,26.1,27.1,61.29,Cicalino1
2024-08-04,23:00:00,25.73,24.0,27.2,62.53,Cicalino1
2024-08-05,00:00:00,23.5,23.0,23.9,71.34,Cicalino1
2024-08-05,01:00:00,22.11,21.3,23.1,75.85,Cicalino1
2024-08-05,02:00:00,20.88,20.7,21.2,79.75,Cicalino1
2024-08-05,03:00:00,20.58,20.4,20.8,80.78,Cicalino1
2024-08-05,04:00:00,20.1,19.9,20.4,79.71,Cicalino1
2024-08-05,05:00:00,19.65,19.5,19.9,78.65,Cicalino1
2024-08-05,06:00:00,19.4,19.2,19.7,78.42,Cicalino1
2024-08-05,07:00:00,19.65,19.1,20.9,77.9,Cicalino1
2024-08-05,08:00:00,23.99,21.2,27.6,64.79,Cicalino1
2024-08-05,09:00:00,31.97,28.7,34.7,40.15,Cicalino1
2024-08-05,10:00:00,35.08,34.4,36.1,31.35,Cicalino1
2024-08-05,11:00:00,36.0,34.9,36.7,29.97,Cicalino1
2024-08-05,12:00:00,36.38,35.4,36.9,30.41,Cicalino1
2024-08-05,13:00:00,35.43,34.7,36.6,37.34,Cicalino1
2024-08-05,14:00:00,35.54,34.8,36.3,39.91,Cicalino1
2024-08-05,15:00:00,35.6,35.2,36.2,38.27,Cicalino1
2024-08-05,16:00:00,35.57,35.0,36.3,38.25,Cicalino1
2024-08-05,17:00:00,35.9,35.5,36.4,36.44,Cicalino1
2024-08-05,18:00:00,34.32,33.7,35.3,40.07,Cicalino1
2024-08-05,19:00:00,33.2,31.9,33.9,44.04,Cicalino1
2024-08-05,20:00:00,29.47,28.3,31.0,57.17,Cicalino1
2024-08-05,21:00:00,26.49,24.8,28.0,66.93,Cicalino1
2024-08-05,22:00:00,24.36,24.0,24.7,75.84,Cicalino1
2024-08-05,23:00:00,23.47,22.9,24.0,79.2,Cicalino1
2024-08-06,00:00:00,21.81,21.2,22.7,83.91,Cicalino1
2024-08-06,01:00:00,20.79,20.5,21.2,86.13,Cicalino1
2024-08-06,02:00:00,19.99,19.6,20.4,89.05,Cicalino1
2024-08-06,03:00:00,19.3,19.0,19.5,90.96,Cicalino1
2024-08-06,04:00:00,18.78,18.6,19.0,91.75,Cicalino1
2024-08-06,05:00:00,18.54,18.4,18.6,93.12,Cicalino1
2024-08-06,06:00:00,18.55,18.5,18.8,95.12,Cicalino1
2024-08-06,07:00:00,19.45,18.7,20.9,95.05,Cicalino1
2024-08-06,08:00:00,23.89,21.4,27.2,77.8,Cicalino1
2024-08-06,09:00:00,30.02,28.1,31.0,61.1,Cicalino1
2024-08-06,10:00:00,33.46,31.4,35.8,46.1,Cicalino1
2024-08-06,11:00:00,34.63,33.7,35.2,42.27,Cicalino1
2024-08-06,12:00:00,34.74,34.3,35.2,41.07,Cicalino1
2024-08-06,13:00:00,34.7,33.1,35.8,43.52,Cicalino1
2024-08-06,14:00:00,33.96,32.3,35.1,48.45,Cicalino1
2024-08-06,15:00:00,35.35,34.8,35.9,42.01,Cicalino1
2024-08-06,16:00:00,35.65,34.7,36.2,38.41,Cicalino1
2024-08-06,17:00:00,35.78,35.4,36.3,36.08,Cicalino1
2024-08-06,18:00:00,34.68,33.7,35.8,38.15,Cicalino1
2024-08-06,19:00:00,32.73,31.1,33.4,44.38,Cicalino1
2024-08-06,20:00:00,28.24,26.9,30.4,59.38,Cicalino1
2024-08-06,21:00:00,25.43,24.6,26.7,70.44,Cicalino1
2024-08-06,22:00:00,24.25,24.1,24.5,78.02,Cicalino1
2024-08-06,23:00:00,24.15,23.7,24.4,79.36,Cicalino1
2024-08-07,00:00:00,22.23,21.1,23.4,83.75,Cicalino1
2024-08-07,01:00:00,20.4,20.1,21.0,88.32,Cicalino1
2024-08-07,02:00:00,19.63,19.1,20.0,88.92,Cicalino1
2024-08-07,03:00:00,18.44,18.1,19.0,86.79,Cicalino1
2024-08-07,04:00:00,18.1,18.0,18.3,88.0,Cicalino1
2024-08-07,05:00:00,18.15,18.0,18.3,89.91,Cicalino1
2024-08-07,06:00:00,17.93,17.8,18.2,92.38,Cicalino1
2024-08-07,07:00:00,18.78,18.1,19.7,92.63,Cicalino1
2024-08-07,08:00:00,22.73,20.0,25.8,78.55,Cicalino1
2024-08-07,09:00:00,29.9,26.6,32.3,51.25,Cicalino1
2024-08-07,10:00:00,32.26,31.1,33.4,43.45,Cicalino1
2024-08-07,11:00:00,33.33,32.2,34.3,46.02,Cicalino1
2024-08-07,12:00:00,34.39,33.7,35.2,45.48,Cicalino1
2024-08-07,13:00:00,34.22,32.7,35.3,44.43,Cicalino1
2024-08-07,14:00:00,34.75,34.2,35.2,44.52,Cicalino1
2024-08-07,15:00:00,35.73,34.8,36.9,41.27,Cicalino1
2024-08-07,16:00:00,35.25,34.4,36.5,40.53,Cicalino1
2024-08-07,17:00:00,35.27,34.5,35.8,36.48,Cicalino1
2024-08-07,18:00:00,33.8,32.8,35.1,38.03,Cicalino1
2024-08-07,19:00:00,32.08,31.3,32.6,42.55,Cicalino1
2024-08-07,20:00:00,28.65,27.1,30.4,55.96,Cicalino1
2024-08-07,21:00:00,25.32,24.4,26.8,70.46,Cicalino1
2024-08-07,22:00:00,23.75,23.1,24.3,76.49,Cicalino1
2024-08-07,23:00:00,22.07,21.3,22.9,82.09,Cicalino1
2024-08-08,00:00:00,20.95,20.6,21.3,85.82,Cicalino1
2024-08-08,01:00:00,20.0,19.5,20.6,86.53,Cicalino1
2024-08-08,02:00:00,19.12,18.9,19.5,86.95,Cicalino1
2024-08-08,03:00:00,18.6,18.4,18.9,86.43,Cicalino1
2024-08-08,04:00:00,18.02,17.6,18.4,87.33,Cicalino1
2024-08-08,05:00:00,17.17,17.0,17.5,84.48,Cicalino1
2024-08-08,06:00:00,16.94,16.8,17.2,83.96,Cicalino1
2024-08-08,07:00:00,17.59,17.1,18.6,84.43,Cicalino1
2024-08-08,08:00:00,22.23,18.9,25.7,68.62,Cicalino1
2024-08-08,09:00:00,30.13,26.8,32.0,44.51,Cicalino1
2024-08-08,10:00:00,33.48,32.3,34.7,38.07,Cicalino1
2024-08-08,11:00:00,33.65,32.2,34.8,40.3,Cicalino1
2024-08-08,12:00:00,35.05,34.0,35.6,38.6,Cicalino1
2024-08-08,13:00:00,34.58,33.5,35.7,40.64,Cicalino1
2024-08-08,14:00:00,34.83,34.2,35.5,41.3,Cicalino1
2024-08-08,15:00:00,35.27,34.5,36.2,40.02,Cicalino1
2024-08-08,16:00:00,35.34,34.3,36.3,38.85,Cicalino1
2024-08-08,17:00:00,34.93,33.9,35.6,38.05,Cicalino1
2024-08-08,18:00:00,34.49,32.8,35.4,40.93,Cicalino1
2024-08-08,19:00:00,31.91,30.3,32.7,48.97,Cicalino1
2024-08-08,20:00:00,28.57,27.6,29.5,60.82,Cicalino1
2024-08-08,21:00:00,26.26,25.5,27.3,73.55,Cicalino1
2024-08-08,22:00:00,24.83,24.4,25.4,81.88,Cicalino1
2024-08-08,23:00:00,23.48,22.8,24.2,86.83,Cicalino1
2024-08-09,00:00:00,22.25,21.9,22.7,91.1,Cicalino1
2024-08-09,01:00:00,21.53,21.1,21.8,93.16,Cicalino1
2024-08-09,02:00:00,20.71,20.5,21.0,94.32,Cicalino1
2024-08-09,03:00:00,20.22,20.1,20.4,95.62,Cicalino1
2024-08-09,04:00:00,19.69,19.4,20.0,96.23,Cicalino1
2024-08-09,05:00:00,19.45,19.1,19.7,97.15,Cicalino1
2024-08-09,06:00:00,19.1,18.8,19.2,97.0,Cicalino1
2024-08-09,07:00:00,19.16,18.7,20.1,97.34,Cicalino1
2024-08-09,08:00:00,23.02,20.4,26.2,89.21,Cicalino1
2024-08-09,09:00:00,29.79,27.3,30.9,60.09,Cicalino1
2024-08-09,10:00:00,32.84,31.3,34.0,49.85,Cicalino1
2024-08-09,11:00:00,34.48,33.7,35.3,43.33,Cicalino1
2024-08-09,12:00:00,35.28,34.3,36.3,40.24,Cicalino1
2024-08-09,13:00:00,36.55,35.9,37.2,39.86,Cicalino1
2024-08-09,14:00:00,35.95,34.5,37.2,40.65,Cicalino1
2024-08-09,15:00:00,36.26,35.6,37.0,40.08,Cicalino1
2024-08-09,16:00:00,36.48,35.8,37.1,37.63,Cicalino1
2024-08-09,17:00:00,36.13,35.7,36.5,36.69,Cicalino1
2024-08-09,18:00:00,35.3,34.7,35.9,35.74,Cicalino1
2024-08-09,19:00:00,34.05,33.4,34.5,38.65,Cicalino1
2024-08-09,20:00:00,29.95,28.4,32.6,44.63,Cicalino1
2024-08-09,21:00:00,27.04,26.0,28.1,52.36,Cicalino1
2024-08-09,22:00:00,25.17,24.6,25.8,56.37,Cicalino1
2024-08-09,23:00:00,24.75,24.2,25.6,54.5,Cicalino1
2024-08-10,00:00:00,23.81,23.5,24.3,56.25,Cicalino1
2024-08-10,01:00:00,23.2,22.4,23.7,58.44,Cicalino1
2024-08-10,02:00:00,21.87,21.4,22.3,60.92,Cicalino1
2024-08-10,03:00:00,20.95,20.7,21.3,61.16,Cicalino1
2024-08-10,04:00:00,20.56,20.3,20.9,63.18,Cicalino1
2024-08-10,05:00:00,20.34,20.1,20.5,67.86,Cicalino1
2024-08-10,06:00:00,20.05,19.9,20.3,72.21,Cicalino1
2024-08-10,07:00:00,20.49,19.9,21.4,75.87,Cicalino1
2024-08-10,08:00:00,24.8,21.8,28.2,65.7,Cicalino1
2024-08-10,09:00:00,33.02,29.1,34.8,43.05,Cicalino1
2024-08-10,10:00:00,36.57,35.0,37.8,35.17,Cicalino1
2024-08-10,11:00:00,37.95,37.0,38.5,31.49,Cicalino1
2024-08-10,12:00:00,38.35,37.6,39.0,30.62,Cicalino1
2024-08-10,13:00:00,38.43,37.7,39.3,31.14,Cicalino1
2024-08-10,14:00:00,39.23,37.7,40.1,31.18,Cicalino1
2024-08-10,15:00:00,38.63,37.6,39.5,32.64,Cicalino1
2024-08-10,16:00:00,38.75,38.1,39.3,32.22,Cicalino1
2024-08-10,17:00:00,37.69,36.9,38.9,38.46,Cicalino1
2024-08-10,18:00:00,35.95,34.8,36.6,42.05,Cicalino1
2024-08-10,19:00:00,34.67,34.3,35.2,42.49,Cicalino1
2024-08-10,20:00:00,31.5,29.2,33.6,50.75,Cicalino1
2024-08-10,21:00:00,27.49,26.1,28.8,61.48,Cicalino1
2024-08-10,22:00:00,25.17,24.7,25.9,68.17,Cicalino1
2024-08-10,23:00:00,24.02,23.5,24.6,70.14,Cicalino1
2024-08-11,00:00:00,23.05,22.8,23.4,71.76,Cicalino1
2024-08-11,01:00:00,22.44,22.2,22.7,72.4,Cicalino1
2024-08-11,02:00:00,21.98,21.7,22.2,74.59,Cicalino1
2024-08-11,03:00:00,21.35,21.1,21.6,77.51,Cicalino1
2024-08-11,04:00:00,20.82,20.7,21.0,80.63,Cicalino1
2024-08-11,05:00:00,20.88,20.8,21.0,82.09,Cicalino1
2024-08-11,06:00:00,20.61,20.5,20.9,83.61,Cicalino1
2024-08-11,07:00:00,21.13,20.6,22.0,83.65,Cicalino1
2024-08-11,08:00:00,25.35,22.4,28.8,71.88,Cicalino1
2024-08-11,09:00:00,32.99,29.7,34.4,48.44,Cicalino1
2024-08-11,10:00:00,36.26,34.8,38.1,37.56,Cicalino1
2024-08-11,11:00:00,37.86,37.2,38.4,32.87,Cicalino1
2024-08-11,12:00:00,38.81,38.3,39.3,31.38,Cicalino1
2024-08-11,13:00:00,39.15,37.9,40.0,31.55,Cicalino1
2024-08-11,14:00:00,38.31,37.7,39.2,34.47,Cicalino1
2024-08-11,15:00:00,38.77,37.9,39.4,34.84,Cicalino1
2024-08-11,16:00:00,37.36,36.9,37.8,39.45,Cicalino1
2024-08-11,17:00:00,37.18,36.3,37.9,38.45,Cicalino1
2024-08-11,18:00:00,36.41,35.7,37.3,39.75,Cicalino1
2024-08-11,19:00:00,35.02,34.0,35.9,41.88,Cicalino1
2024-08-11,20:00:00,31.87,30.0,33.5,49.31,Cicalino1
2024-08-11,21:00:00,28.13,26.7,29.7,58.95,Cicalino1
2024-08-11,22:00:00,25.49,24.7,26.4,67.23,Cicalino1
2024-08-11,23:00:00,24.56,24.4,24.7,70.28,Cicalino1
2024-08-12,00:00:00,23.98,23.6,24.4,71.0,Cicalino1
2024-08-12,01:00:00,23.33,23.2,23.5,71.24,Cicalino1
2024-08-12,02:00:00,22.78,22.3,23.4,72.42,Cicalino1
2024-08-12,03:00:00,21.89,21.7,22.1,76.02,Cicalino1
2024-08-12,04:00:00,21.66,21.4,21.8,78.0,Cicalino1
2024-08-12,05:00:00,21.22,21.1,21.4,80.17,Cicalino1
2024-08-12,06:00:00,21.15,21.0,21.3,81.1,Cicalino1
2024-08-12,07:00:00,21.56,21.2,22.2,80.4,Cicalino1
2024-08-12,08:00:00,25.3,22.4,29.1,69.55,Cicalino1
2024-08-12,09:00:00,33.54,29.7,35.6,44.38,Cicalino1
2024-08-12,10:00:00,36.94,36.0,37.5,37.1,Cicalino1
2024-08-12,11:00:00,38.23,37.4,39.0,33.93,Cicalino1
2024-08-12,12:00:00,38.69,37.6,39.2,33.08,Cicalino1
2024-08-12,13:00:00,38.7,38.3,39.1,34.09,Cicalino1
2024-08-12,14:00:00,38.74,38.4,39.1,33.55,Cicalino1
2024-08-12,15:00:00,38.12,37.5,38.5,35.58,Cicalino1
2024-08-12,16:00:00,37.5,36.6,38.4,35.63,Cicalino1
2024-08-12,17:00:00,37.07,36.4,37.6,34.64,Cicalino1
2024-08-12,18:00:00,36.25,35.6,36.7,30.99,Cicalino1
2024-08-12,19:00:00,35.08,33.8,35.6,31.67,Cicalino1
2024-08-12,20:00:00,30.97,28.4,33.1,38.6,Cicalino1
2024-08-12,21:00:00,26.71,25.3,27.9,47.67,Cicalino1
2024-08-12,22:00:00,24.25,23.7,25.0,54.43,Cicalino1
2024-08-12,23:00:00,23.15,22.6,23.6,55.36,Cicalino1
2024-08-13,00:00:00,22.21,21.9,22.5,57.05,Cicalino1
2024-08-13,01:00:00,21.45,21.1,22.0,58.29,Cicalino1
2024-08-13,02:00:00,20.85,20.7,21.1,58.81,Cicalino1
2024-08-13,03:00:00,20.41,20.1,20.8,59.65,Cicalino1
2024-08-13,04:00:00,20.01,19.9,20.1,59.27,Cicalino1
2024-08-13,05:00:00,19.95,19.9,20.0,60.2,Cicalino1
2024-08-13,06:00:00,20.14,20.0,20.5,59.71,Cicalino1
2024-08-13,07:00:00,20.25,20.0,20.8,62.67,Cicalino1
2024-08-13,08:00:00,23.86,21.1,27.4,56.58,Cicalino1
2024-08-13,09:00:00,32.01,27.9,34.2,40.91,Cicalino1
2024-08-13,10:00:00,34.86,34.3,35.9,37.23,Cicalino1
2024-08-13,11:00:00,36.86,35.7,37.9,33.09,Cicalino1
2024-08-13,12:00:00,37.2,36.7,37.7,33.04,Cicalino1
2024-08-13,13:00:00,37.55,37.2,38.1,30.62,Cicalino1
2024-08-13,14:00:00,38.28,37.3,39.3,30.07,Cicalino1
2024-08-13,15:00:00,38.47,37.9,38.9,31.49,Cicalino1
2024-08-13,16:00:00,37.88,37.0,38.5,32.23,Cicalino1
2024-08-13,17:00:00,37.23,36.1,38.1,33.75,Cicalino1
2024-08-13,18:00:00,35.68,34.4,36.8,37.4,Cicalino1
2024-08-13,19:00:00,34.46,33.0,35.3,43.75,Cicalino1
2024-08-13,20:00:00,29.7,28.2,32.2,55.45,Cicalino1
2024-08-13,21:00:00,26.62,25.4,27.9,64.37,Cicalino1
2024-08-13,22:00:00,25.65,25.3,26.0,68.94,Cicalino1
2024-08-13,23:00:00,24.21,23.4,25.0,76.53,Cicalino1
2024-08-14,00:00:00,22.55,21.9,23.2,80.6,Cicalino1
2024-08-14,01:00:00,21.65,21.2,21.9,84.86,Cicalino1
2024-08-14,02:00:00,21.12,20.8,21.4,86.64,Cicalino1
2024-08-14,03:00:00,20.69,20.5,20.8,88.77,Cicalino1
2024-08-14,04:00:00,20.69,20.5,20.8,90.37,Cicalino1
2024-08-14,05:00:00,20.29,19.9,20.7,90.59,Cicalino1
2024-08-14,06:00:00,19.74,19.5,19.9,91.38,Cicalino1
2024-08-14,07:00:00,19.83,19.5,20.6,92.12,Cicalino1
2024-08-14,08:00:00,24.01,21.0,27.6,79.21,Cicalino1
2024-08-14,09:00:00,31.06,28.8,33.5,55.28,Cicalino1
2024-08-14,10:00:00,34.7,33.8,35.4,39.2,Cicalino1
2024-08-14,11:00:00,35.97,35.4,36.7,34.08,Cicalino1
2024-08-14,12:00:00,35.65,34.3,36.4,38.2,Cicalino1
2024-08-14,13:00:00,36.04,35.4,37.0,37.41,Cicalino1
2024-08-14,14:00:00,36.36,35.9,36.9,34.69,Cicalino1
2024-08-14,15:00:00,36.55,35.7,37.3,34.32,Cicalino1
2024-08-14,16:00:00,36.45,35.6,37.0,34.63,Cicalino1
2024-08-14,17:00:00,36.25,35.8,36.8,35.6,Cicalino1
2024-08-14,18:00:00,34.98,32.8,36.0,37.25,Cicalino1
2024-08-14,19:00:00,31.13,29.5,32.4,48.19,Cicalino1
2024-08-14,20:00:00,27.59,26.4,29.0,69.15,Cicalino1
2024-08-14,21:00:00,24.94,23.9,26.1,79.97,Cicalino1
2024-08-14,22:00:00,22.99,22.3,23.7,84.58,Cicalino1
2024-08-14,23:00:00,21.71,21.2,22.2,84.36,Cicalino1
2024-08-15,00:00:00,20.78,20.2,21.2,83.59,Cicalino1
2024-08-15,01:00:00,20.47,20.2,20.7,83.69,Cicalino1
2024-08-15,02:00:00,20.79,20.4,21.1,86.62,Cicalino1
2024-08-15,03:00:00,20.6,20.3,21.1,89.13,Cicalino1
2024-08-15,04:00:00,20.03,19.8,20.2,92.54,Cicalino1
2024-08-15,05:00:00,19.51,19.2,19.8,91.55,Cicalino1
2024-08-15,06:00:00,19.24,19.0,19.5,87.05,Cicalino1
2024-08-15,07:00:00,20.15,19.5,21.4,79.7,Cicalino1
2024-08-15,08:00:00,24.41,21.8,27.5,64.67,Cicalino1
2024-08-15,09:00:00,30.75,28.5,32.7,44.4,Cicalino1
2024-08-15,10:00:00,32.92,32.1,33.6,37.31,Cicalino1
2024-08-15,11:00:00,33.19,32.6,34.4,36.76,Cicalino1
2024-08-15,12:00:00,34.58,32.7,35.3,38.84,Cicalino1
2024-08-15,13:00:00,34.96,33.7,35.8,41.99,Cicalino1
2024-08-15,14:00:00,31.55,28.2,34.7,54.42,Cicalino1
2024-08-15,15:00:00,27.03,26.1,27.8,66.99,Cicalino1
2024-08-15,16:00:00,29.37,26.2,30.9,54.78,Cicalino1
2024-08-15,17:00:00,29.25,28.4,29.8,51.06,Cicalino1
2024-08-15,18:00:00,27.12,26.3,28.2,60.66,Cicalino1
2024-08-15,19:00:00,26.07,25.9,26.2,68.5,Cicalino1
2024-08-15,20:00:00,25.68,25.2,26.1,64.96,Cicalino1
2024-08-15,21:00:00,24.5,24.2,25.0,65.17,Cicalino1
2024-08-15,22:00:00,23.63,23.3,24.1,69.8,Cicalino1
2024-08-15,23:00:00,22.58,22.1,23.1,75.02,Cicalino1
2024-08-16,00:00:00,21.91,21.5,22.2,77.65,Cicalino1
2024-08-16,01:00:00,21.1,20.8,21.4,79.58,Cicalino1
2024-08-16,02:00:00,20.58,20.5,20.7,80.6,Cicalino1
2024-08-16,03:00:00,20.26,20.1,20.5,81.67,Cicalino1
2024-08-16,04:00:00,19.93,19.8,20.1,84.23,Cicalino1
2024-08-16,05:00:00,19.95,19.8,20.1,84.84,Cicalino1
2024-08-16,06:00:00,19.84,19.7,20.1,84.98,Cicalino1
2024-08-16,07:00:00,20.14,19.8,20.8,85.32,Cicalino1
2024-08-16,08:00:00,22.51,21.1,24.5,79.91,Cicalino1
2024-08-16,09:00:00,28.83,25.6,30.9,56.36,Cicalino1
2024-08-16,10:00:00,30.75,30.2,31.3,50.05,Cicalino1
2024-08-16,11:00:00,33.29,31.6,34.2,41.95,Cicalino1
2024-08-16,12:00:00,33.4,32.6,34.1,40.6,Cicalino1
2024-08-16,13:00:00,33.51,31.9,35.5,43.32,Cicalino1
2024-08-16,14:00:00,36.03,34.8,37.0,37.48,Cicalino1
2024-08-16,15:00:00,34.53,33.5,36.0,45.2,Cicalino1
2024-08-16,16:00:00,35.85,35.4,36.1,39.73,Cicalino1
2024-08-16,17:00:00,36.18,35.5,37.0,36.24,Cicalino1
2024-08-16,18:00:00,34.1,32.4,37.0,40.58,Cicalino1
2024-08-16,19:00:00,31.47,29.7,32.4,45.2,Cicalino1
2024-08-16,20:00:00,28.26,27.0,29.4,55.75,Cicalino1
2024-08-16,21:00:00,25.75,24.9,26.8,64.25,Cicalino1
2024-08-16,22:00:00,24.75,24.3,25.0,68.76,Cicalino1
2024-08-16,23:00:00,24.03,23.9,24.2,74.01,Cicalino1
2024-08-17,00:00:00,24.6,23.9,25.0,75.79,Cicalino1
2024-08-17,01:00:00,24.75,24.6,24.9,73.91,Cicalino1
2024-08-17,02:00:00,24.83,24.5,25.2,72.89,Cicalino1
2024-08-17,03:00:00,24.31,23.9,25.0,75.17,Cicalino1
2024-08-17,04:00:00,22.76,22.2,23.8,80.95,Cicalino1
2024-08-17,05:00:00,21.35,20.6,22.1,83.02,Cicalino1
2024-08-17,06:00:00,19.95,19.3,20.5,86.32,Cicalino1
2024-08-17,07:00:00,19.81,19.3,20.9,89.94,Cicalino1
2024-08-17,08:00:00,24.17,21.3,27.0,77.87,Cicalino1
2024-08-17,09:00:00,27.91,27.6,28.6,64.22,Cicalino1
2024-08-17,10:00:00,30.82,28.2,33.5,54.85,Cicalino1
2024-08-17,11:00:00,33.66,32.4,34.5,40.01,Cicalino1
2024-08-17,12:00:00,33.15,31.1,35.1,44.71,Cicalino1
2024-08-17,13:00:00,33.64,31.5,35.1,41.63,Cicalino1
2024-08-17,14:00:00,34.23,32.9,34.9,38.1,Cicalino1
2024-08-17,15:00:00,33.36,32.6,34.1,40.03,Cicalino1
2024-08-17,16:00:00,31.68,30.0,33.8,46.08,Cicalino1
2024-08-17,17:00:00,31.75,29.9,32.8,49.79,Cicalino1
2024-08-17,18:00:00,30.63,29.6,33.1,52.22,Cicalino1
2024-08-17,19:00:00,29.88,28.1,30.5,54.83,Cicalino1
2024-08-17,20:00:00,27.06,26.1,28.0,63.29,Cicalino1
2024-08-17,21:00:00,24.63,23.5,25.8,72.16,Cicalino1
2024-08-17,22:00:00,22.46,21.8,23.2,80.12,Cicalino1
2024-08-17,23:00:00,21.27,21.1,21.7,85.42,Cicalino1
2024-08-18,00:00:00,20.64,20.5,21.0,88.29,Cicalino1
2024-08-18,01:00:00,20.2,20.0,20.5,90.44,Cicalino1
2024-08-18,02:00:00,19.79,19.7,19.9,92.58,Cicalino1
2024-08-18,03:00:00,19.53,19.4,19.7,94.0,Cicalino1
2024-08-18,04:00:00,19.37,19.2,19.6,95.25,Cicalino1
2024-08-18,05:00:00,19.32,19.2,19.6,96.25,Cicalino1
2024-08-18,06:00:00,19.82,19.7,20.1,96.35,Cicalino1
2024-08-18,07:00:00,20.2,19.6,21.0,95.6,Cicalino1
2024-08-18,08:00:00,22.49,21.3,24.7,87.76,Cicalino1
2024-08-18,09:00:00,27.18,25.4,28.6,66.38,Cicalino1
2024-08-18,10:00:00,29.2,27.6,30.4,60.33,Cicalino1
2024-08-18,11:00:00,31.39,27.9,33.8,55.27,Cicalino1
2024-08-18,12:00:00,28.65,26.3,31.1,62.78,Cicalino1
2024-08-18,13:00:00,24.88,22.8,26.5,76.54,Cicalino1
2024-08-18,14:00:00,21.78,20.5,22.6,88.93,Cicalino1
2024-08-18,15:00:00,24.25,22.2,27.3,85.37,Cicalino1
2024-08-18,16:00:00,28.58,26.9,30.2,67.93,Cicalino1
2024-08-18,17:00:00,24.47,22.1,28.4,80.33,Cicalino1
2024-08-18,18:00:00,25.11,24.0,26.0,87.47,Cicalino1
2024-08-18,19:00:00,25.11,24.3,26.2,82.52,Cicalino1
2024-08-18,20:00:00,22.99,22.2,24.7,85.95,Cicalino1
2024-08-18,21:00:00,22.05,21.8,22.2,86.7,Cicalino1
2024-08-18,22:00:00,21.7,21.6,21.8,86.7,Cicalino1
2024-08-18,23:00:00,21.54,20.9,21.8,85.33,Cicalino1
2024-08-19,00:00:00,20.45,20.2,20.8,89.21,Cicalino1
2024-08-19,01:00:00,20.24,20.0,20.5,90.0,Cicalino1
2024-08-19,02:00:00,20.11,19.7,20.3,90.18,Cicalino1
2024-08-19,03:00:00,19.2,18.8,19.6,91.19,Cicalino1
2024-08-19,04:00:00,18.81,18.6,19.1,91.41,Cicalino1
2024-08-19,05:00:00,19.33,18.9,19.5,89.43,Cicalino1
2024-08-19,06:00:00,18.38,18.1,18.8,92.02,Cicalino1
2024-08-19,07:00:00,19.36,18.6,19.9,90.28,Cicalino1
2024-08-19,08:00:00,20.47,20.0,21.0,88.54,Cicalino1
2024-08-19,09:00:00,23.85,21.3,26.9,77.43,Cicalino1
2024-08-19,10:00:00,27.99,27.0,29.7,54.45,Cicalino1
2024-08-19,11:00:00,29.95,28.6,30.8,47.95,Cicalino1
2024-08-19,12:00:00,30.07,29.2,31.6,44.51,Cicalino1
2024-08-19,13:00:00,29.97,29.2,30.7,44.78,Cicalino1
2024-08-19,14:00:00,30.45,29.0,31.9,45.17,Cicalino1
2024-08-19,15:00:00,26.09,24.4,29.4,65.42,Cicalino1
2024-08-19,16:00:00,24.69,24.3,25.5,79.61,Cicalino1
2024-08-19,17:00:00,24.67,23.9,25.5,68.68,Cicalino1
2024-08-19,18:00:00,24.52,24.0,24.9,67.74,Cicalino1
2024-08-19,19:00:00,23.64,22.9,24.3,72.58,Cicalino1
2024-08-19,20:00:00,21.73,20.6,22.7,82.27,Cicalino1
2024-08-19,21:00:00,20.38,20.2,20.5,85.82,Cicalino1
2024-08-19,22:00:00,19.69,19.0,20.6,87.87,Cicalino1
2024-08-19,23:00:00,18.49,18.2,18.9,91.86,Cicalino1
2024-08-20,00:00:00,17.86,17.6,18.2,93.7,Cicalino1
2024-08-20,01:00:00,17.6,17.4,17.8,95.35,Cicalino1
2024-08-20,02:00:00,17.4,17.3,17.5,96.37,Cicalino1
2024-08-20,03:00:00,17.3,17.3,17.3,97.03,Cicalino1
2024-08-20,04:00:00,17.18,17.1,17.3,97.52,Cicalino1
2024-08-20,05:00:00,17.02,16.9,17.3,97.84,Cicalino1
2024-08-20,06:00:00,16.92,16.8,17.1,97.92,Cicalino1
2024-08-20,07:00:00,17.23,17.0,17.8,97.78,Cicalino1
2024-08-20,08:00:00,20.13,17.9,23.3,90.56,Cicalino1
2024-08-20,09:00:00,27.34,24.5,29.3,59.04,Cicalino1
2024-08-20,10:00:00,29.9,29.3,30.4,48.5,Cicalino1
2024-08-20,11:00:00,30.58,29.5,31.6,46.25,Cicalino1
2024-08-20,12:00:00,31.17,30.4,31.9,45.71,Cicalino1
2024-08-20,13:00:00,31.63,29.7,33.2,44.61,Cicalino1
2024-08-20,14:00:00,29.46,28.9,30.0,50.89,Cicalino1
2024-08-20,15:00:00,31.68,29.7,33.2,45.97,Cicalino1
2024-08-20,16:00:00,30.28,29.4,31.7,47.93,Cicalino1
2024-08-20,17:00:00,28.84,28.2,30.6,55.45,Cicalino1
2024-08-20,18:00:00,29.28,28.3,30.5,58.16,Cicalino1
2024-08-20,19:00:00,27.38,26.0,28.4,64.62,Cicalino1
2024-08-20,20:00:00,25.44,25.0,25.9,73.32,Cicalino1
2024-08-20,21:00:00,24.54,24.2,25.0,76.61,Cicalino1
2024-08-20,22:00:00,23.94,23.7,24.1,80.18,Cicalino1
2024-08-20,23:00:00,23.01,22.6,23.6,84.15,Cicalino1
2024-08-21,00:00:00,22.35,22.1,22.6,87.24,Cicalino1
2024-08-21,01:00:00,21.81,21.5,22.0,88.98,Cicalino1
2024-08-21,02:00:00,20.92,20.6,21.4,91.58,Cicalino1
2024-08-21,03:00:00,21.15,21.0,21.2,93.19,Cicalino1
2024-08-21,04:00:00,20.87,20.2,21.3,94.27,Cicalino1
2024-08-21,05:00:00,20.09,19.8,20.3,95.93,Cicalino1
2024-08-21,06:00:00,19.67,19.4,19.9,96.38,Cicalino1
2024-08-21,07:00:00,19.77,19.4,20.6,97.36,Cicalino1
2024-08-21,08:00:00,23.28,21.4,25.3,93.71,Cicalino1
2024-08-21,09:00:00,27.49,26.1,28.4,74.76,Cicalino1
2024-08-21,10:00:00,29.45,28.6,30.5,61.47,Cicalino1
2024-08-21,11:00:00,30.64,29.5,31.5,54.95,Cicalino1
2024-08-21,12:00:00,31.6,29.4,33.1,50.57,Cicalino1
2024-08-21,13:00:00,31.98,31.3,32.7,49.93,Cicalino1
2024-08-21,14:00:00,31.88,31.0,32.9,52.59,Cicalino1
2024-08-21,15:00:00,32.64,31.8,33.5,49.93,Cicalino1
2024-08-21,16:00:00,32.75,32.1,33.2,45.29,Cicalino1
2024-08-21,17:00:00,33.09,32.2,34.0,43.01,Cicalino1
2024-08-21,18:00:00,31.29,29.9,32.0,46.99,Cicalino1
2024-08-21,19:00:00,29.67,29.3,30.1,51.48,Cicalino1
2024-08-21,20:00:00,26.78,25.6,29.2,57.49,Cicalino1
2024-08-21,21:00:00,25.18,24.7,25.6,60.1,Cicalino1
2024-08-21,22:00:00,23.75,22.8,24.6,66.4,Cicalino1
2024-08-21,23:00:00,23.17,22.6,23.7,67.25,Cicalino1
2024-08-22,00:00:00,21.95,21.1,22.9,72.67,Cicalino1
2024-08-22,01:00:00,20.68,20.2,21.1,78.39,Cicalino1
2024-08-22,02:00:00,19.93,19.5,20.2,82.05,Cicalino1
2024-08-22,03:00:00,19.32,19.2,19.4,86.05,Cicalino1
2024-08-22,04:00:00,19.04,18.9,19.3,88.38,Cicalino1
2024-08-22,05:00:00,18.95,18.9,19.0,87.45,Cicalino1
2024-08-22,06:00:00,18.64,18.5,18.8,87.18,Cicalino1
2024-08-22,07:00:00,18.85,18.4,19.9,89.06,Cicalino1
2024-08-22,08:00:00,22.15,20.1,25.2,80.54,Cicalino1
2024-08-22,09:00:00,29.48,26.1,31.3,54.87,Cicalino1
2024-08-22,10:00:00,32.65,31.8,33.6,42.7,Cicalino1
2024-08-22,11:00:00,34.11,33.0,35.4,40.58,Cicalino1
2024-08-22,12:00:00,33.78,33.0,34.6,40.6,Cicalino1
2024-08-22,13:00:00,34.13,33.5,34.7,42.18,Cicalino1
2024-08-22,14:00:00,33.39,32.6,34.2,48.45,Cicalino1
2024-08-22,15:00:00,33.75,33.0,34.4,46.12,Cicalino1
2024-08-22,16:00:00,34.7,34.0,35.3,42.73,Cicalino1
2024-08-22,17:00:00,33.72,33.0,34.6,44.78,Cicalino1
2024-08-22,18:00:00,32.87,31.4,34.1,46.59,Cicalino1
2024-08-22,19:00:00,31.46,31.0,32.0,49.94,Cicalino1
2024-08-22,20:00:00,27.95,26.1,30.9,60.85,Cicalino1
2024-08-22,21:00:00,25.26,24.7,25.9,69.31,Cicalino1
2024-08-22,22:00:00,23.35,22.5,24.5,76.7,Cicalino1
2024-08-22,23:00:00,21.74,21.3,22.3,79.54,Cicalino1
2024-08-23,00:00:00,21.05,20.7,21.3,81.13,Cicalino1
2024-08-23,01:00:00,20.23,19.8,20.6,84.03,Cicalino1
2024-08-23,02:00:00,19.57,19.5,19.8,87.25,Cicalino1
2024-08-23,03:00:00,19.92,19.7,20.2,86.89,Cicalino1
2024-08-23,04:00:00,19.57,19.0,19.8,88.57,Cicalino1
2024-08-23,05:00:00,18.58,18.4,18.9,92.14,Cicalino1
2024-08-23,06:00:00,18.36,18.3,18.4,93.3,Cicalino1
2024-07-11,01:00:00,17.0,17.0,17.0,86.6,Cicalino2
2024-07-11,02:00:00,16.32,15.7,16.9,86.83,Cicalino2
2024-07-11,03:00:00,15.47,15.4,15.6,87.32,Cicalino2
2024-07-11,04:00:00,14.67,14.4,15.2,88.19,Cicalino2
2024-07-11,05:00:00,14.54,14.4,14.7,87.45,Cicalino2
2024-07-11,06:00:00,15.1,14.5,15.8,84.68,Cicalino2
2024-07-11,07:00:00,20.83,16.1,25.0,69.34,Cicalino2
2024-07-11,08:00:00,28.42,25.3,30.3,44.95,Cicalino2
2024-07-11,09:00:00,31.69,30.4,32.3,36.04,Cicalino2
2024-07-11,10:00:00,31.67,31.4,32.1,34.07,Cicalino2
2024-07-11,11:00:00,31.77,31.5,32.3,38.75,Cicalino2
2024-07-11,12:00:00,32.36,32.0,32.7,38.75,Cicalino2
2024-07-11,13:00:00,32.88,32.5,33.4,38.5,Cicalino2
2024-07-11,14:00:00,33.48,33.2,34.1,37.38,Cicalino2
2024-07-11,15:00:00,34.02,33.6,34.6,35.15,Cicalino2
2024-07-11,16:00:00,34.1,33.8,34.6,33.89,Cicalino2
2024-07-11,17:00:00,34.0,33.8,34.2,33.66,Cicalino2
2024-07-11,18:00:00,33.32,32.8,34.0,36.24,Cicalino2
2024-07-11,19:00:00,31.95,31.4,32.5,40.71,Cicalino2
2024-07-11,20:00:00,30.25,27.5,31.7,46.69,Cicalino2
2024-07-11,21:00:00,24.72,23.0,27.0,61.58,Cicalino2
2024-07-11,22:00:00,22.63,21.5,23.6,68.35,Cicalino2
2024-07-11,23:00:00,20.64,20.3,21.4,74.3,Cicalino2
2024-07-12,00:00:00,19.78,19.0,20.6,74.68,Cicalino2
2024-07-12,01:00:00,18.44,17.7,19.8,79.29,Cicalino2
2024-07-12,02:00:00,17.16,16.7,17.9,83.68,Cicalino2
2024-07-12,03:00:00,16.69,16.3,17.2,85.05,Cicalino2
2024-07-12,04:00:00,15.97,15.8,16.2,89.31,Cicalino2
2024-07-12,05:00:00,15.83,15.7,16.0,91.72,Cicalino2
2024-07-12,06:00:00,15.71,15.6,16.1,92.94,Cicalino2
2024-07-12,07:00:00,20.48,16.4,24.4,79.24,Cicalino2
2024-07-12,08:00:00,27.02,24.9,29.5,54.89,Cicalino2
2024-07-12,09:00:00,31.39,30.2,33.0,42.56,Cicalino2
2024-07-12,10:00:00,33.54,32.7,34.4,38.3,Cicalino2
2024-07-12,11:00:00,34.38,33.1,35.0,36.42,Cicalino2
2024-07-12,12:00:00,35.79,34.5,36.5,33.7,Cicalino2
2024-07-12,13:00:00,35.62,34.7,36.1,35.38,Cicalino2
2024-07-12,14:00:00,35.06,34.6,35.5,35.55,Cicalino2
2024-07-12,15:00:00,35.14,34.7,35.5,33.34,Cicalino2
2024-07-12,16:00:00,34.62,34.1,35.0,32.98,Cicalino2
2024-07-12,17:00:00,34.23,33.8,34.7,32.12,Cicalino2
2024-07-12,18:00:00,33.92,33.1,34.7,30.35,Cicalino2
2024-07-12,19:00:00,33.24,32.4,34.1,32.09,Cicalino2
2024-07-12,20:00:00,30.15,27.3,31.9,41.52,Cicalino2
2024-07-12,21:00:00,23.45,21.6,26.3,64.37,Cicalino2
2024-07-12,22:00:00,20.3,19.3,21.3,76.99,Cicalino2
2024-07-12,23:00:00,19.48,18.8,19.9,78.1,Cicalino2
2024-07-13,00:00:00,18.95,18.7,19.2,82.36,Cicalino2
2024-07-13,01:00:00,18.83,18.6,20.0,85.56,Cicalino2
2024-07-13,02:00:00,19.08,18.4,19.9,85.25,Cicalino2
2024-07-13,03:00:00,19.06,18.9,19.3,87.98,Cicalino2
2024-07-13,04:00:00,19.03,18.8,19.2,91.65,Cicalino2
2024-07-13,05:00:00,19.15,19.0,19.3,94.28,Cicalino2
2024-07-13,06:00:00,19.17,19.0,19.4,95.52,Cicalino2
2024-07-13,07:00:00,21.02,19.2,24.1,92.2,Cicalino2
2024-07-13,08:00:00,25.65,24.3,26.5,74.31,Cicalino2
2024-07-13,09:00:00,27.23,26.7,28.0,69.21,Cicalino2
2024-07-13,10:00:00,30.48,28.1,32.5,57.72,Cicalino2
2024-07-13,11:00:00,32.04,30.9,33.0,51.25,Cicalino2
2024-07-13,12:00:00,33.66,32.8,34.8,45.62,Cicalino2
2024-07-13,13:00:00,34.18,32.5,35.6,45.19,Cicalino2
2024-07-13,14:00:00,32.73,31.9,34.0,50.51,Cicalino2
2024-07-13,15:00:00,32.89,31.0,35.0,51.65,Cicalino2
2024-07-13,16:00:00,32.23,30.6,33.8,50.95,Cicalino2
2024-07-13,17:00:00,32.98,32.6,33.3,44.98,Cicalino2
2024-07-13,18:00:00,32.32,31.9,32.8,45.78,Cicalino2
2024-07-13,19:00:00,31.14,30.8,31.5,46.15,Cicalino2
2024-07-13,20:00:00,29.25,25.6,31.0,48.82,Cicalino2
2024-07-13,21:00:00,23.13,20.6,25.4,64.92,Cicalino2
2024-07-13,22:00:00,19.36,18.6,20.2,77.51,Cicalino2
2024-07-13,23:00:00,18.23,17.5,19.0,84.04,Cicalino2
2024-07-14,00:00:00,17.09,16.9,17.4,90.73,Cicalino2
2024-07-14,01:00:00,17.19,16.6,17.8,92.91,Cicalino2
2024-07-14,02:00:00,16.29,16.2,16.4,94.36,Cicalino2
2024-07-14,03:00:00,16.8,16.5,17.1,95.61,Cicalino2
2024-07-14,04:00:00,17.58,16.8,18.3,96.06,Cicalino2
2024-07-14,05:00:00,17.68,17.4,18.1,95.25,Cicalino2
2024-07-14,06:00:00,17.61,17.5,17.9,95.44,Cicalino2
2024-07-14,07:00:00,19.69,18.0,22.9,91.53,Cicalino2
2024-07-14,08:00:00,25.43,23.4,26.9,66.14,Cicalino2
2024-07-14,09:00:00,29.75,27.3,31.3,49.41,Cicalino2
2024-07-14,10:00:00,31.88,31.0,32.6,46.02,Cicalino2
2024-07-14,11:00:00,33.35,31.8,35.0,40.43,Cicalino2
2024-07-14,12:00:00,34.21,33.3,35.1,39.95,Cicalino2
2024-07-14,13:00:00,34.82,33.9,35.8,41.9,Cicalino2
2024-07-14,14:00:00,35.54,35.0,36.0,40.39,Cicalino2
2024-07-14,15:00:00,36.48,36.0,36.9,39.43,Cicalino2
2024-07-14,16:00:00,36.09,35.4,36.7,38.97,Cicalino2
2024-07-14,17:00:00,34.4,33.5,35.5,41.26,Cicalino2
2024-07-14,18:00:00,33.17,32.8,33.5,48.43,Cicalino2
2024-07-14,19:00:00,32.6,32.2,33.1,51.86,Cicalino2
2024-07-14,20:00:00,30.25,27.7,32.0,62.8,Cicalino2
2024-07-14,21:00:00,24.77,22.9,27.0,78.91,Cicalino2
2024-07-14,22:00:00,21.55,20.7,22.7,87.41,Cicalino2
2024-07-14,23:00:00,20.03,19.5,20.6,91.62,Cicalino2
2024-07-15,00:00:00,19.03,18.7,19.4,92.4,Cicalino2
2024-07-15,01:00:00,18.55,18.2,18.9,92.63,Cicalino2
2024-07-15,02:00:00,17.69,16.9,18.1,90.91,Cicalino2
2024-07-15,03:00:00,16.69,16.3,17.0,89.48,Cicalino2
2024-07-15,04:00:00,16.07,15.9,16.3,89.03,Cicalino2
2024-07-15,05:00:00,15.97,15.7,16.2,88.09,Cicalino2
2024-07-15,06:00:00,15.91,15.7,16.3,91.44,Cicalino2
2024-07-15,07:00:00,20.51,16.6,24.5,80.38,Cicalino2
2024-07-15,08:00:00,27.12,24.7,29.6,56.45,Cicalino2
2024-07-15,09:00:00,31.84,30.5,33.1,43.41,Cicalino2
2024-07-15,10:00:00,33.18,31.8,34.3,39.53,Cicalino2
2024-07-15,11:00:00,36.15,34.2,37.4,31.23,Cicalino2
2024-07-15,12:00:00,36.4,35.7,37.2,30.04,Cicalino2
2024-07-15,13:00:00,36.49,35.5,38.0,27.45,Cicalino2
2024-07-15,14:00:00,36.79,36.0,37.3,30.62,Cicalino2
2024-07-15,15:00:00,36.67,35.6,37.7,31.99,Cicalino2
2024-07-15,16:00:00,36.97,36.4,37.6,30.41,Cicalino2
2024-07-15,17:00:00,35.67,35.0,36.8,32.01,Cicalino2
2024-07-15,18:00:00,34.25,34.0,34.9,33.72,Cicalino2
2024-07-15,19:00:00,33.1,31.5,34.4,36.15,Cicalino2
2024-07-15,20:00:00,30.29,27.8,31.4,41.91,Cicalino2
2024-07-15,21:00:00,24.78,22.8,27.2,57.33,Cicalino2
2024-07-15,22:00:00,23.15,22.6,23.8,62.49,Cicalino2
2024-07-15,23:00:00,22.2,20.5,23.0,64.38,Cicalino2
2024-07-16,00:00:00,19.78,19.5,20.1,72.92,Cicalino2
2024-07-16,01:00:00,18.89,17.9,19.8,75.6,Cicalino2
2024-07-16,02:00:00,17.46,17.1,17.9,80.76,Cicalino2
2024-07-16,03:00:00,16.72,16.4,17.0,83.55,Cicalino2
2024-07-16,04:00:00,16.18,15.7,16.5,85.03,Cicalino2
2024-07-16,05:00:00,15.45,15.2,15.6,88.0,Cicalino2
2024-07-16,06:00:00,15.74,15.5,16.2,87.11,Cicalino2
2024-07-16,07:00:00,20.59,16.5,23.6,71.41,Cicalino2
2024-07-16,08:00:00,26.93,24.9,29.4,48.26,Cicalino2
2024-07-16,09:00:00,31.57,29.8,32.6,37.9,Cicalino2
2024-07-16,10:00:00,31.45,30.6,32.9,40.11,Cicalino2
2024-07-16,11:00:00,32.44,31.6,33.2,41.35,Cicalino2
2024-07-16,12:00:00,33.5,32.9,34.4,39.47,Cicalino2
2024-07-16,13:00:00,34.63,34.3,35.3,33.55,Cicalino2
2024-07-16,14:00:00,34.65,34.2,35.5,35.98,Cicalino2
2024-07-16,15:00:00,35.01,34.7,35.8,35.4,Cicalino2
2024-07-16,16:00:00,34.73,34.3,35.2,35.13,Cicalino2
2024-07-16,17:00:00,34.32,33.9,34.8,35.22,Cicalino2
2024-07-16,18:00:00,33.55,32.9,34.0,36.64,Cicalino2
2024-07-16,19:00:00,32.0,31.2,32.5,40.06,Cicalino2
2024-07-16,20:00:00,29.55,27.9,30.9,46.92,Cicalino2
2024-07-16,21:00:00,26.23,24.7,27.8,57.05,Cicalino2
2024-07-16,22:00:00,22.8,21.7,24.5,68.25,Cicalino2
2024-07-16,23:00:00,21.05,20.5,21.5,74.07,Cicalino2
2024-07-17,00:00:00,19.73,19.5,20.3,77.95,Cicalino2
2024-07-17,01:00:00,21.18,19.5,23.2,70.17,Cicalino2
2024-07-17,02:00:00,20.41,19.3,21.8,71.2,Cicalino2
2024-07-17,03:00:00,19.23,18.0,20.0,75.22,Cicalino2
2024-07-17,04:00:00,17.16,16.7,17.7,82.76,Cicalino2
2024-07-17,05:00:00,16.65,16.3,16.9,85.39,Cicalino2
2024-07-17,06:00:00,16.72,16.2,17.4,85.97,Cicalino2
2024-07-17,07:00:00,21.41,17.7,25.5,72.05,Cicalino2
2024-07-17,08:00:00,27.18,25.4,28.6,54.07,Cicalino2
2024-07-17,09:00:00,31.41,29.4,32.7,42.35,Cicalino2
2024-07-17,10:00:00,31.44,30.9,32.4,42.72,Cicalino2
2024-07-17,11:00:00,33.27,32.7,34.0,40.62,Cicalino2
2024-07-17,12:00:00,34.83,33.9,35.9,37.85,Cicalino2
2024-07-17,13:00:00,34.92,33.9,36.5,38.21,Cicalino2
2024-07-17,14:00:00,36.17,35.1,37.3,34.52,Cicalino2
2024-07-17,15:00:00,36.25,35.8,36.7,34.73,Cicalino2
2024-07-17,16:00:00,36.17,35.3,36.8,32.37,Cicalino2
2024-07-17,17:00:00,34.91,34.4,35.4,35.04,Cicalino2
2024-07-17,18:00:00,34.14,33.4,34.6,35.05,Cicalino2
2024-07-17,19:00:00,32.98,32.2,33.8,39.0,Cicalino2
2024-07-17,20:00:00,30.49,28.7,31.9,47.31,Cicalino2
2024-07-17,21:00:00,27.1,25.0,28.5,58.93,Cicalino2
2024-07-17,22:00:00,23.55,22.6,24.4,69.65,Cicalino2
2024-07-17,23:00:00,21.01,20.0,22.3,75.01,Cicalino2
2024-07-18,00:00:00,19.21,18.6,19.9,79.27,Cicalino2
2024-07-18,01:00:00,17.99,17.5,18.6,81.79,Cicalino2
2024-07-18,02:00:00,17.25,16.8,17.4,82.36,Cicalino2
2024-07-18,03:00:00,16.27,15.9,16.6,82.28,Cicalino2
2024-07-18,04:00:00,15.27,14.9,15.8,84.49,Cicalino2
2024-07-18,05:00:00,14.78,14.6,14.9,85.91,Cicalino2
2024-07-18,06:00:00,14.66,14.5,15.2,86.29,Cicalino2
2024-07-18,07:00:00,19.73,15.4,24.0,71.19,Cicalino2
2024-07-18,08:00:00,27.58,24.9,29.2,49.26,Cicalino2
2024-07-18,09:00:00,30.17,28.2,33.2,41.31,Cicalino2
2024-07-18,10:00:00,33.65,32.9,35.1,35.52,Cicalino2
2024-07-18,11:00:00,34.34,33.5,35.5,32.47,Cicalino2
2024-07-18,12:00:00,35.92,35.4,36.7,29.45,Cicalino2
2024-07-18,13:00:00,36.03,35.6,36.3,30.62,Cicalino2
2024-07-18,14:00:00,36.27,35.8,37.0,30.28,Cicalino2
2024-07-18,15:00:00,36.01,35.3,36.4,34.05,Cicalino2
2024-07-18,16:00:00,34.66,34.2,35.5,39.25,Cicalino2
2024-07-18,17:00:00,33.78,33.6,34.2,37.94,Cicalino2
2024-07-18,18:00:00,33.69,33.5,33.9,33.31,Cicalino2
2024-07-18,19:00:00,32.79,32.2,33.4,34.81,Cicalino2
2024-07-18,20:00:00,30.84,29.5,32.1,36.8,Cicalino2
2024-07-18,21:00:00,28.62,27.7,29.2,42.4,Cicalino2
2024-07-18,22:00:00,24.11,22.1,27.0,54.77,Cicalino2
2024-07-18,23:00:00,20.96,20.2,21.8,64.82,Cicalino2
2024-07-19,00:00:00,20.06,19.7,20.3,65.44,Cicalino2
2024-07-19,01:00:00,18.73,18.0,19.4,67.86,Cicalino2
2024-07-19,02:00:00,17.33,16.9,17.8,71.45,Cicalino2
2024-07-19,03:00:00,17.07,16.9,17.3,73.51,Cicalino2
2024-07-19,04:00:00,17.18,17.0,17.6,73.6,Cicalino2
2024-07-19,05:00:00,17.63,17.4,18.0,73.62,Cicalino2
2024-07-19,06:00:00,17.35,17.1,17.6,78.17,Cicalino2
2024-07-19,07:00:00,21.39,17.8,25.3,67.55,Cicalino2
2024-07-19,08:00:00,28.25,25.7,29.7,50.38,Cicalino2
2024-07-19,09:00:00,32.56,30.9,33.2,42.84,Cicalino2
2024-07-19,10:00:00,35.19,34.2,36.1,39.03,Cicalino2
2024-07-19,11:00:00,36.77,35.6,37.7,37.77,Cicalino2
2024-07-19,12:00:00,37.51,36.8,38.3,36.57,Cicalino2
2024-07-19,13:00:00,35.42,34.1,37.8,42.5,Cicalino2
2024-07-19,14:00:00,36.0,35.3,36.4,40.09,Cicalino2
2024-07-19,15:00:00,36.52,35.8,37.1,37.48,Cicalino2
2024-07-19,16:00:00,34.95,34.3,35.8,42.98,Cicalino2
2024-07-19,17:00:00,34.1,33.6,34.5,45.25,Cicalino2
2024-07-19,18:00:00,33.85,33.6,34.0,44.32,Cicalino2
2024-07-19,19:00:00,32.59,31.0,33.4,47.32,Cicalino2
2024-07-19,20:00:00,30.04,29.0,31.3,51.94,Cicalino2
2024-07-19,21:00:00,28.05,27.3,28.9,53.14,Cicalino2
2024-07-19,22:00:00,25.69,25.2,27.0,63.43,Cicalino2
2024-07-19,23:00:00,25.06,24.6,25.4,61.84,Cicalino2
2024-07-20,00:00:00,23.65,22.5,24.5,71.16,Cicalino2
2024-07-20,01:00:00,20.84,20.0,22.1,81.87,Cicalino2
2024-07-20,02:00:00,19.24,18.7,19.9,86.68,Cicalino2
2024-07-20,03:00:00,17.86,17.0,18.9,86.49,Cicalino2
2024-07-20,04:00:00,17.09,16.9,17.4,87.84,Cicalino2
2024-07-20,05:00:00,19.69,17.6,22.8,87.81,Cicalino2
2024-07-20,06:00:00,22.66,21.8,23.2,84.73,Cicalino2
2024-07-20,07:00:00,23.45,22.1,25.7,74.74,Cicalino2
2024-07-20,08:00:00,27.82,26.4,29.0,59.43,Cicalino2
2024-07-20,09:00:00,30.64,29.2,31.7,51.26,Cicalino2
2024-07-20,10:00:00,31.55,31.2,32.0,49.22,Cicalino2
2024-07-20,11:00:00,31.56,30.7,32.6,49.3,Cicalino2
2024-07-20,12:00:00,32.75,32.1,33.9,45.46,Cicalino2
2024-07-20,13:00:00,33.2,32.5,34.1,43.87,Cicalino2
2024-07-20,14:00:00,33.47,33.0,34.0,42.06,Cicalino2
2024-07-20,15:00:00,33.84,33.5,34.5,41.28,Cicalino2
2024-07-20,16:00:00,33.39,32.6,34.0,43.2,Cicalino2
2024-07-20,17:00:00,33.37,32.6,34.1,45.06,Cicalino2
2024-07-20,18:00:00,32.28,32.0,32.5,45.42,Cicalino2
2024-07-20,19:00:00,31.15,30.2,31.8,48.49,Cicalino2
2024-07-20,20:00:00,28.49,26.6,29.9,56.92,Cicalino2
2024-07-20,21:00:00,24.28,22.6,26.3,70.77,Cicalino2
2024-07-20,22:00:00,21.4,20.6,22.4,81.22,Cicalino2
2024-07-20,23:00:00,19.95,19.4,20.4,87.05,Cicalino2
2024-07-21,00:00:00,19.01,18.6,19.4,91.22,Cicalino2
2024-07-21,01:00:00,20.32,19.1,21.6,88.2,Cicalino2
2024-07-21,02:00:00,19.1,18.6,20.0,90.41,Cicalino2
2024-07-21,03:00:00,18.34,17.7,19.1,90.36,Cicalino2
2024-07-21,04:00:00,17.75,17.3,18.0,93.21,Cicalino2
2024-07-21,05:00:00,17.52,17.4,17.7,93.31,Cicalino2
2024-07-21,06:00:00,17.65,17.4,18.4,94.88,Cicalino2
2024-07-21,07:00:00,20.98,18.4,23.8,86.7,Cicalino2
2024-07-21,08:00:00,26.3,23.5,27.6,65.06,Cicalino2
2024-07-21,09:00:00,30.35,28.1,32.1,52.51,Cicalino2
2024-07-21,10:00:00,32.28,31.8,32.7,47.81,Cicalino2
2024-07-21,11:00:00,33.6,32.6,34.4,44.82,Cicalino2
2024-07-21,12:00:00,35.25,34.5,36.4,40.36,Cicalino2
2024-07-21,13:00:00,35.69,35.2,36.3,40.08,Cicalino2
2024-07-21,14:00:00,36.0,35.2,36.7,35.9,Cicalino2
2024-07-21,15:00:00,35.6,34.1,37.1,37.23,Cicalino2
2024-07-21,16:00:00,35.52,34.9,36.2,38.1,Cicalino2
2024-07-21,17:00:00,34.35,32.6,35.5,45.2,Cicalino2
2024-07-21,18:00:00,32.9,30.3,35.2,49.55,Cicalino2
2024-07-21,19:00:00,28.31,27.7,29.8,68.21,Cicalino2
2024-07-21,20:00:00,26.96,26.3,27.9,72.06,Cicalino2
2024-07-21,21:00:00,25.63,25.1,26.3,75.71,Cicalino2
2024-07-21,22:00:00,25.64,25.0,26.4,66.54,Cicalino2
2024-07-21,23:00:00,24.35,24.0,24.9,70.99,Cicalino2
2024-07-22,00:00:00,24.22,24.0,24.6,74.25,Cicalino2
2024-07-22,01:00:00,24.17,23.6,24.8,67.95,Cicalino2
2024-07-22,02:00:00,24.74,22.5,26.2,63.35,Cicalino2
2024-07-22,03:00:00,21.78,21.4,22.2,80.65,Cicalino2
2024-07-22,04:00:00,21.63,21.2,22.2,83.77,Cicalino2
2024-07-22,05:00:00,21.19,21.0,21.6,86.22,Cicalino2
2024-07-22,06:00:00,21.27,20.8,21.7,86.54,Cicalino2
2024-07-22,07:00:00,21.07,20.6,22.5,87.05,Cicalino2
2024-07-22,08:00:00,24.91,22.3,27.8,69.31,Cicalino2
2024-07-22,09:00:00,28.85,27.4,30.8,53.84,Cicalino2
2024-07-22,10:00:00,31.97,30.8,33.3,46.63,Cicalino2
2024-07-22,11:00:00,31.72,29.9,34.0,48.49,Cicalino2
2024-07-22,12:00:00,31.84,31.0,33.5,45.85,Cicalino2
2024-07-22,13:00:00,33.02,32.4,33.8,43.69,Cicalino2
2024-07-22,14:00:00,33.93,32.7,35.0,42.25,Cicalino2
2024-07-22,15:00:00,29.39,23.8,32.6,57.23,Cicalino2
2024-07-22,16:00:00,22.46,22.0,22.8,84.22,Cicalino2
2024-07-22,17:00:00,22.96,22.3,24.2,81.45,Cicalino2
2024-07-22,18:00:00,24.77,24.3,25.1,76.15,Cicalino2
2024-07-22,19:00:00,28.53,26.7,29.4,66.22,Cicalino2
2024-07-22,20:00:00,27.27,24.5,29.1,70.95,Cicalino2
2024-07-22,21:00:00,22.79,21.7,24.2,84.63,Cicalino2
2024-07-22,22:00:00,21.1,20.5,21.7,86.84,Cicalino2
2024-07-22,23:00:00,20.39,19.9,20.9,87.2,Cicalino2
2024-07-23,00:00:00,19.97,19.5,20.6,88.73,Cicalino2
2024-07-23,01:00:00,19.77,19.4,20.1,89.95,Cicalino2
2024-07-23,02:00:00,19.66,19.3,19.9,90.3,Cicalino2
2024-07-23,03:00:00,19.18,19.1,19.3,92.51,Cicalino2
2024-07-23,04:00:00,18.65,18.5,19.0,94.91,Cicalino2
2024-07-23,05:00:00,18.43,18.2,18.8,95.84,Cicalino2
2024-07-23,06:00:00,18.22,18.0,18.5,95.36,Cicalino2
2024-07-23,07:00:00,21.15,18.7,24.0,86.71,Cicalino2
2024-07-23,08:00:00,27.06,24.5,30.2,62.94,Cicalino2
2024-07-23,09:00:00,30.67,29.6,32.5,49.84,Cicalino2
2024-07-23,10:00:00,33.85,32.8,35.0,40.37,Cicalino2
2024-07-23,11:00:00,33.95,33.0,35.9,38.64,Cicalino2
2024-07-23,12:00:00,33.96,33.5,35.2,37.81,Cicalino2
2024-07-23,13:00:00,33.97,33.5,34.5,40.8,Cicalino2
2024-07-23,14:00:00,34.42,34.0,34.6,45.4,Cicalino2
2024-07-23,15:00:00,34.44,34.1,34.9,44.49,Cicalino2
2024-07-23,16:00:00,33.69,32.9,34.4,47.04,Cicalino2
2024-07-23,17:00:00,32.88,32.5,33.2,45.62,Cicalino2
2024-07-23,18:00:00,32.1,31.5,32.6,47.65,Cicalino2
2024-07-23,19:00:00,30.74,29.7,31.4,50.68,Cicalino2
2024-07-23,20:00:00,28.2,26.7,29.7,57.65,Cicalino2
2024-07-23,21:00:00,25.93,25.3,26.6,65.59,Cicalino2
2024-07-23,22:00:00,24.93,24.7,25.2,69.99,Cicalino2
2024-07-23,23:00:00,24.44,24.1,24.7,70.25,Cicalino2
2024-07-24,00:00:00,24.01,23.4,24.5,66.01,Cicalino2
2024-07-24,01:00:00,23.8,23.5,24.0,66.11,Cicalino2
2024-07-24,02:00:00,23.11,22.3,24.4,66.79,Cicalino2
2024-07-24,03:00:00,20.43,19.7,22.2,78.58,Cicalino2
2024-07-24,04:00:00,19.75,19.4,20.3,83.68,Cicalino2
2024-07-24,05:00:00,19.45,19.1,20.0,86.47,Cicalino2
2024-07-24,06:00:00,18.79,18.6,19.1,90.39,Cicalino2
2024-07-24,07:00:00,22.32,19.4,24.8,80.75,Cicalino2
2024-07-24,08:00:00,27.03,24.4,28.8,62.6,Cicalino2
2024-07-24,09:00:00,29.29,27.6,31.9,57.59,Cicalino2
2024-07-24,10:00:00,33.01,32.5,33.7,47.65,Cicalino2
2024-07-24,11:00:00,34.74,33.6,36.1,42.11,Cicalino2
2024-07-24,12:00:00,33.64,31.9,35.8,47.36,Cicalino2
2024-07-24,13:00:00,34.17,32.0,36.1,44.19,Cicalino2
2024-07-24,14:00:00,34.74,32.7,36.2,44.3,Cicalino2
2024-07-24,15:00:00,34.9,33.3,36.2,47.13,Cicalino2
2024-07-24,16:00:00,35.15,34.3,35.7,44.2,Cicalino2
2024-07-24,17:00:00,35.08,34.4,35.7,41.67,Cicalino2
2024-07-24,18:00:00,34.33,33.1,35.1,45.19,Cicalino2
2024-07-24,19:00:00,31.83,30.7,33.2,53.1,Cicalino2
2024-07-24,20:00:00,29.22,28.1,30.2,61.0,Cicalino2
2024-07-24,21:00:00,27.03,26.2,28.0,67.6,Cicalino2
2024-07-24,22:00:00,24.96,23.9,26.1,75.09,Cicalino2
2024-07-24,23:00:00,23.15,22.8,23.8,82.92,Cicalino2
2024-07-25,00:00:00,22.41,22.0,22.8,85.75,Cicalino2
2024-07-25,01:00:00,21.4,20.9,21.9,88.9,Cicalino2
2024-07-25,02:00:00,20.57,20.3,20.9,91.84,Cicalino2
2024-07-25,03:00:00,19.98,19.8,20.2,92.9,Cicalino2
2024-07-25,04:00:00,23.88,19.8,25.6,70.56,Cicalino2
2024-07-25,05:00:00,25.82,24.1,26.6,55.65,Cicalino2
2024-07-25,06:00:00,21.82,21.1,23.3,71.29,Cicalino2
2024-07-25,07:00:00,23.31,21.4,25.1,69.65,Cicalino2
2024-07-25,08:00:00,28.23,25.7,30.0,52.29,Cicalino2
2024-07-25,09:00:00,30.33,29.5,30.9,43.63,Cicalino2
2024-07-25,10:00:00,32.63,30.9,34.0,38.44,Cicalino2
2024-07-25,11:00:00,33.68,32.8,34.5,35.9,Cicalino2
2024-07-25,12:00:00,36.27,35.2,37.3,31.66,Cicalino2
2024-07-25,13:00:00,35.62,34.7,36.9,34.37,Cicalino2
2024-07-25,14:00:00,35.79,34.3,37.0,36.72,Cicalino2
2024-07-25,15:00:00,35.12,33.5,36.4,39.7,Cicalino2
2024-07-25,16:00:00,35.68,35.0,36.7,38.85,Cicalino2
2024-07-25,17:00:00,35.39,34.8,36.1,39.12,Cicalino2
2024-07-25,18:00:00,35.02,34.8,35.3,39.2,Cicalino2
2024-07-25,19:00:00,33.64,32.6,34.5,41.82,Cicalino2
2024-07-25,20:00:00,30.73,27.7,32.6,53.01,Cicalino2
2024-07-25,21:00:00,25.69,24.0,27.3,73.63,Cicalino2
2024-07-25,22:00:00,23.25,22.4,24.0,83.15,Cicalino2
2024-07-25,23:00:00,21.89,21.5,22.3,87.2,Cicalino2
2024-07-26,00:00:00,21.04,20.6,21.4,89.83,Cicalino2
2024-07-26,01:00:00,20.04,19.6,20.5,91.79,Cicalino2
2024-07-26,02:00:00,19.75,19.6,20.0,90.66,Cicalino2
2024-07-26,03:00:00,19.05,18.6,19.5,90.75,Cicalino2
2024-07-26,04:00:00,18.66,18.4,19.2,92.28,Cicalino2
2024-07-26,05:00:00,18.35,18.1,18.6,92.91,Cicalino2
2024-07-26,06:00:00,18.41,18.1,18.8,93.64,Cicalino2
2024-07-26,07:00:00,21.35,18.5,24.0,85.04,Cicalino2
2024-07-26,08:00:00,27.42,25.0,29.8,59.97,Cicalino2
2024-07-26,09:00:00,31.21,30.1,32.3,47.32,Cicalino2
2024-07-26,10:00:00,33.33,32.1,34.9,43.48,Cicalino2
2024-07-26,11:00:00,35.44,34.6,36.8,37.99,Cicalino2
2024-07-26,12:00:00,36.44,35.0,37.0,37.97,Cicalino2
2024-07-26,13:00:00,36.58,36.0,37.4,40.05,Cicalino2
2024-07-26,14:00:00,36.52,36.1,37.0,39.9,Cicalino2
2024-07-26,15:00:00,36.56,35.2,37.8,38.01,Cicalino2
2024-07-26,16:00:00,35.84,35.3,36.4,39.07,Cicalino2
2024-07-26,17:00:00,35.34,34.9,36.0,41.02,Cicalino2
2024-07-26,18:00:00,34.89,34.2,35.6,41.84,Cicalino2
2024-07-26,19:00:00,34.35,33.6,35.2,48.64,Cicalino2
2024-07-26,20:00:00,30.06,27.4,33.2,64.92,Cicalino2
2024-07-26,21:00:00,25.39,24.0,26.9,80.77,Cicalino2
2024-07-26,22:00:00,22.59,21.7,23.8,88.63,Cicalino2
2024-07-26,23:00:00,20.96,20.4,21.5,91.69,Cicalino2
2024-07-27,00:00:00,20.02,19.7,20.4,93.72,Cicalino2
2024-07-27,01:00:00,19.76,19.6,19.8,95.41,Cicalino2
2024-07-27,02:00:00,19.25,18.7,19.7,95.85,Cicalino2
2024-07-27,03:00:00,18.49,18.2,18.8,96.44,Cicalino2
2024-07-27,04:00:00,18.09,18.0,18.3,97.24,Cicalino2
2024-07-27,05:00:00,17.96,17.7,18.2,97.66,Cicalino2
2024-07-27,06:00:00,17.45,17.3,17.6,97.55,Cicalino2
2024-07-27,07:00:00,20.29,17.6,22.6,94.37,Cicalino2
2024-07-27,08:00:00,26.52,23.7,28.8,71.66,Cicalino2
2024-07-27,09:00:00,31.25,29.2,32.6,49.68,Cicalino2
2024-07-27,10:00:00,32.79,31.8,33.8,41.01,Cicalino2
2024-07-27,11:00:00,35.05,33.2,36.4,32.97,Cicalino2
2024-07-27,12:00:00,37.1,36.2,38.0,28.27,Cicalino2
2024-07-27,13:00:00,37.07,36.7,37.6,29.43,Cicalino2
2024-07-27,14:00:00,36.88,36.4,37.6,32.62,Cicalino2
2024-07-27,15:00:00,37.3,36.5,38.1,30.46,Cicalino2
2024-07-27,16:00:00,36.74,35.6,37.5,28.65,Cicalino2
2024-07-27,17:00:00,36.08,35.5,36.6,32.64,Cicalino2
2024-07-27,18:00:00,34.89,34.6,35.6,38.06,Cicalino2
2024-07-27,19:00:00,34.13,33.6,35.3,38.85,Cicalino2
2024-07-27,20:00:00,30.82,27.1,33.4,51.69,Cicalino2
2024-07-27,21:00:00,23.71,21.8,26.0,71.74,Cicalino2
2024-07-27,22:00:00,20.49,19.8,21.5,83.04,Cicalino2
2024-07-27,23:00:00,19.22,18.7,19.7,87.14,Cicalino2
2024-07-28,00:00:00,18.38,17.9,18.7,87.64,Cicalino2
2024-07-28,01:00:00,17.93,17.7,18.3,90.48,Cicalino2
2024-07-28,02:00:00,17.43,16.8,18.1,90.18,Cicalino2
2024-07-28,03:00:00,16.75,16.4,17.1,91.54,Cicalino2
2024-07-28,04:00:00,16.35,16.2,16.5,93.32,Cicalino2
2024-07-28,05:00:00,16.26,16.2,16.4,93.45,Cicalino2
2024-07-28,06:00:00,16.38,16.2,16.8,94.08,Cicalino2
2024-07-28,07:00:00,19.82,16.9,23.1,86.9,Cicalino2
2024-07-28,08:00:00,27.44,24.4,30.6,57.26,Cicalino2
2024-07-28,09:00:00,32.08,29.6,34.3,44.95,Cicalino2
2024-07-28,10:00:00,35.38,34.8,36.4,36.56,Cicalino2
2024-07-28,11:00:00,36.69,36.0,37.3,32.03,Cicalino2
2024-07-28,12:00:00,36.77,35.9,38.0,25.93,Cicalino2
2024-07-28,13:00:00,36.56,36.2,37.2,29.89,Cicalino2
2024-07-28,14:00:00,37.35,36.8,37.7,32.84,Cicalino2
2024-07-28,15:00:00,37.31,36.9,37.8,30.33,Cicalino2
2024-07-28,16:00:00,37.39,36.7,38.0,29.55,Cicalino2
2024-07-28,17:00:00,36.41,35.4,37.2,29.07,Cicalino2
2024-07-28,18:00:00,34.98,34.4,35.6,26.45,Cicalino2
2024-07-28,19:00:00,33.56,32.8,34.2,32.78,Cicalino2
2024-07-28,20:00:00,30.19,28.1,32.5,44.42,Cicalino2
2024-07-28,21:00:00,24.66,22.2,27.7,58.95,Cicalino2
2024-07-28,22:00:00,20.9,20.1,21.9,72.19,Cicalino2
2024-07-28,23:00:00,19.75,19.5,20.0,76.3,Cicalino2
2024-07-29,00:00:00,19.35,18.9,19.6,76.33,Cicalino2
2024-07-29,01:00:00,19.13,18.9,19.6,69.59,Cicalino2
2024-07-29,02:00:00,18.27,18.0,18.8,65.13,Cicalino2
2024-07-29,03:00:00,18.25,18.0,18.7,64.62,Cicalino2
2024-07-29,04:00:00,18.58,18.4,18.7,66.77,Cicalino2
2024-07-29,05:00:00,17.92,17.6,18.3,71.75,Cicalino2
2024-07-29,06:00:00,17.42,16.9,18.0,77.04,Cicalino2
2024-07-29,07:00:00,20.53,18.2,23.7,69.79,Cicalino2
2024-07-29,08:00:00,27.93,24.9,30.7,45.06,Cicalino2
2024-07-29,09:00:00,32.74,31.4,34.1,36.25,Cicalino2
2024-07-29,10:00:00,35.37,33.7,37.6,32.3,Cicalino2
2024-07-29,11:00:00,36.75,34.9,38.6,31.85,Cicalino2
2024-07-29,12:00:00,36.72,35.4,38.4,31.5,Cicalino2
2024-07-29,13:00:00,38.9,37.8,39.6,28.38,Cicalino2
2024-07-29,14:00:00,39.63,38.6,41.0,28.75,Cicalino2
2024-07-29,15:00:00,37.69,37.1,38.8,37.16,Cicalino2
2024-07-29,16:00:00,37.59,37.2,38.0,38.03,Cicalino2
2024-07-29,17:00:00,36.35,35.8,37.3,40.21,Cicalino2
2024-07-29,18:00:00,34.85,34.1,35.4,42.28,Cicalino2
2024-07-29,19:00:00,33.44,32.5,33.9,45.19,Cicalino2
2024-07-29,20:00:00,30.6,29.6,32.1,53.4,Cicalino2
2024-07-29,21:00:00,29.04,27.9,29.5,58.12,Cicalino2
2024-07-29,22:00:00,26.56,25.5,27.6,66.48,Cicalino2
2024-07-29,23:00:00,24.43,23.8,25.2,74.46,Cicalino2
2024-07-30,00:00:00,23.47,23.2,25.0,78.2,Cicalino2
2024-07-30,01:00:00,26.08,23.8,27.9,64.75,Cicalino2
2024-07-30,02:00:00,26.32,24.1,28.0,61.74,Cicalino2
2024-07-30,03:00:00,24.55,23.2,26.7,67.91,Cicalino2
2024-07-30,04:00:00,22.14,21.4,22.9,76.52,Cicalino2
2024-07-30,05:00:00,21.05,20.9,21.3,80.09,Cicalino2
2024-07-30,06:00:00,20.53,20.0,22.1,80.44,Cicalino2
2024-07-30,07:00:00,24.58,22.6,27.5,65.88,Cicalino2
2024-07-30,08:00:00,30.05,27.4,31.8,49.19,Cicalino2
2024-07-30,09:00:00,32.35,31.3,33.3,35.98,Cicalino2
2024-07-30,10:00:00,34.21,33.4,35.0,28.17,Cicalino2
2024-07-30,11:00:00,35.77,35.1,36.4,26.17,Cicalino2
2024-07-30,12:00:00,38.29,36.6,40.0,22.52,Cicalino2
2024-07-30,13:00:00,39.03,38.2,39.9,20.45,Cicalino2
2024-07-30,14:00:00,39.0,38.1,39.9,21.77,Cicalino2
2024-07-30,15:00:00,38.67,38.0,39.5,24.66,Cicalino2
2024-07-30,16:00:00,37.98,37.3,38.8,25.9,Cicalino2
2024-07-30,17:00:00,37.57,37.1,37.9,25.95,Cicalino2
2024-07-30,18:00:00,36.35,35.8,36.9,26.51,Cicalino2
2024-07-30,19:00:00,34.95,34.4,35.7,27.24,Cicalino2
2024-07-30,20:00:00,31.82,30.0,34.1,34.54,Cicalino2
2024-07-30,21:00:00,28.26,27.3,29.7,45.18,Cicalino2
2024-07-30,22:00:00,25.08,23.6,27.1,54.11,Cicalino2
2024-07-30,23:00:00,23.58,23.3,23.8,59.72,Cicalino2
2024-07-31,00:00:00,23.23,22.9,23.6,62.32,Cicalino2
2024-07-31,01:00:00,22.59,22.1,23.2,68.59,Cicalino2
2024-07-31,02:00:00,22.48,22.1,22.8,69.88,Cicalino2
2024-07-31,03:00:00,21.0,20.6,21.8,75.95,Cicalino2
2024-07-31,04:00:00,20.05,19.6,20.7,79.94,Cicalino2
2024-07-31,05:00:00,19.73,19.5,20.0,81.84,Cicalino2
2024-07-31,06:00:00,19.3,19.0,19.7,83.49,Cicalino2
2024-07-31,07:00:00,22.25,19.2,25.3,75.44,Cicalino2
2024-07-31,08:00:00,28.8,25.9,32.6,54.38,Cicalino2
2024-07-31,09:00:00,33.78,32.4,36.1,41.41,Cicalino2
2024-07-31,10:00:00,36.23,35.6,37.3,35.27,Cicalino2
2024-07-31,11:00:00,36.78,36.0,38.2,35.18,Cicalino2
2024-07-31,12:00:00,37.95,36.7,38.6,29.84,Cicalino2
2024-07-31,13:00:00,38.56,37.6,39.8,29.05,Cicalino2
2024-07-31,14:00:00,38.73,37.4,39.7,27.15,Cicalino2
2024-07-31,15:00:00,38.78,38.3,39.5,25.54,Cicalino2
2024-07-31,16:00:00,38.8,38.1,39.4,25.25,Cicalino2
2024-07-31,17:00:00,38.01,37.5,38.5,23.93,Cicalino2
2024-07-31,18:00:00,37.23,35.1,38.0,28.97,Cicalino2
2024-07-31,19:00:00,34.17,32.8,34.9,41.59,Cicalino2
2024-07-31,20:00:00,30.59,29.3,32.4,51.76,Cicalino2
2024-07-31,21:00:00,28.48,28.0,29.1,60.4,Cicalino2
2024-07-31,22:00:00,25.8,24.1,27.8,67.82,Cicalino2
2024-07-31,23:00:00,23.79,22.9,24.5,69.22,Cicalino2
2024-08-01,00:00:00,22.46,22.2,22.7,72.22,Cicalino2
2024-08-01,01:00:00,22.15,21.9,22.3,70.75,Cicalino2
2024-08-01,02:00:00,21.04,20.7,21.7,72.76,Cicalino2
2024-08-01,03:00:00,20.71,20.6,21.1,75.66,Cicalino2
2024-08-01,04:00:00,20.38,20.0,20.8,77.94,Cicalino2
2024-08-01,05:00:00,19.12,18.4,19.8,80.83,Cicalino2
2024-08-01,06:00:00,17.92,17.7,18.3,83.12,Cicalino2
2024-08-01,07:00:00,20.35,18.1,23.6,74.83,Cicalino2
2024-08-01,08:00:00,27.7,24.6,30.2,52.93,Cicalino2
2024-08-01,09:00:00,31.95,31.0,33.5,40.19,Cicalino2
2024-08-01,10:00:00,31.63,30.9,32.7,41.05,Cicalino2
2024-08-01,11:00:00,33.52,32.6,34.6,37.72,Cicalino2
2024-08-01,12:00:00,34.91,33.8,35.7,35.86,Cicalino2
2024-08-01,13:00:00,36.62,35.7,37.4,28.84,Cicalino2
2024-08-01,14:00:00,37.11,36.4,37.6,24.37,Cicalino2
2024-08-01,15:00:00,37.88,36.9,38.9,24.69,Cicalino2
2024-08-01,16:00:00,37.65,37.1,38.3,28.01,Cicalino2
2024-08-01,17:00:00,36.77,36.4,37.2,33.9,Cicalino2
2024-08-01,18:00:00,35.77,35.2,36.8,36.12,Cicalino2
2024-08-01,19:00:00,34.43,33.4,35.2,36.0,Cicalino2
2024-08-01,20:00:00,30.61,27.8,33.3,42.25,Cicalino2
2024-08-01,21:00:00,24.56,22.6,27.3,59.24,Cicalino2
2024-08-01,22:00:00,21.62,21.4,22.3,69.71,Cicalino2
2024-08-01,23:00:00,21.41,20.9,22.7,74.14,Cicalino2
2024-08-02,00:00:00,21.97,21.1,22.6,74.63,Cicalino2
2024-08-02,01:00:00,20.88,20.2,21.7,80.44,Cicalino2
2024-08-02,02:00:00,20.78,20.4,21.1,82.84,Cicalino2
2024-08-02,03:00:00,20.97,20.6,21.4,86.18,Cicalino2
2024-08-02,04:00:00,20.25,19.5,21.1,89.6,Cicalino2
2024-08-02,05:00:00,19.65,19.1,20.2,93.47,Cicalino2
2024-08-02,06:00:00,19.6,19.3,20.1,94.75,Cicalino2
2024-08-02,07:00:00,21.69,20.0,23.9,89.65,Cicalino2
2024-08-02,08:00:00,26.54,24.9,27.5,74.41,Cicalino2
2024-08-02,09:00:00,28.66,27.6,29.7,69.48,Cicalino2
2024-08-02,10:00:00,31.55,29.5,33.1,59.38,Cicalino2
2024-08-02,11:00:00,33.77,32.7,34.7,49.55,Cicalino2
2024-08-02,12:00:00,36.11,33.9,37.4,39.45,Cicalino2
2024-08-02,13:00:00,36.88,35.4,37.7,38.0,Cicalino2
2024-08-02,14:00:00,36.17,34.8,37.3,42.15,Cicalino2
2024-08-02,15:00:00,36.74,34.4,37.8,42.12,Cicalino2
2024-08-02,16:00:00,35.82,35.0,36.3,43.32,Cicalino2
2024-08-02,17:00:00,35.01,33.7,36.1,48.23,Cicalino2
2024-08-02,18:00:00,33.64,32.2,34.8,51.73,Cicalino2
2024-08-02,19:00:00,33.19,32.4,34.2,52.43,Cicalino2
2024-08-02,20:00:00,29.47,27.6,32.0,69.15,Cicalino2
2024-08-02,21:00:00,26.35,25.3,27.3,78.92,Cicalino2
2024-08-02,22:00:00,23.91,23.0,24.9,85.89,Cicalino2
2024-08-02,23:00:00,23.12,22.7,23.8,89.02,Cicalino2
2024-08-03,00:00:00,22.93,22.3,23.7,87.27,Cicalino2
2024-08-03,01:00:00,22.19,21.7,22.7,89.77,Cicalino2
2024-08-03,02:00:00,22.35,22.0,23.1,92.18,Cicalino2
2024-08-03,03:00:00,22.57,21.9,22.9,88.51,Cicalino2
2024-08-03,04:00:00,22.82,21.8,23.6,90.43,Cicalino2
2024-08-03,05:00:00,23.66,23.0,24.5,89.83,Cicalino2
2024-08-03,06:00:00,22.6,21.9,23.5,87.93,Cicalino2
2024-08-03,07:00:00,22.85,22.2,23.7,87.6,Cicalino2
2024-08-03,08:00:00,25.24,24.1,26.4,80.54,Cicalino2
2024-08-03,09:00:00,27.28,26.5,28.6,77.16,Cicalino2
2024-08-03,10:00:00,29.43,28.4,31.4,64.32,Cicalino2
2024-08-03,11:00:00,33.12,30.9,35.0,47.97,Cicalino2
2024-08-03,12:00:00,35.58,34.5,37.0,36.68,Cicalino2
2024-08-03,13:00:00,36.6,34.0,37.7,39.25,Cicalino2
2024-08-03,14:00:00,34.32,33.7,35.1,52.53,Cicalino2
2024-08-03,15:00:00,35.55,34.0,36.6,46.97,Cicalino2
2024-08-03,16:00:00,36.65,35.2,37.6,42.8,Cicalino2
2024-08-03,17:00:00,35.35,33.1,38.7,40.28,Cicalino2
2024-08-03,18:00:00,33.12,30.4,33.9,43.52,Cicalino2
2024-08-03,19:00:00,24.66,23.7,26.9,84.23,Cicalino2
2024-08-03,20:00:00,25.78,24.2,27.4,82.61,Cicalino2
2024-08-03,21:00:00,23.05,22.3,24.0,91.46,Cicalino2
2024-08-03,22:00:00,21.82,21.5,22.3,93.59,Cicalino2
2024-08-03,23:00:00,21.24,20.9,21.5,94.46,Cicalino2
2024-08-04,00:00:00,20.91,20.8,21.2,94.17,Cicalino2
2024-08-04,01:00:00,20.42,20.2,20.6,95.03,Cicalino2
2024-08-04,02:00:00,19.85,19.4,20.3,95.49,Cicalino2
2024-08-04,03:00:00,19.24,19.1,19.5,96.27,Cicalino2
2024-08-04,04:00:00,19.06,18.7,19.4,96.05,Cicalino2
2024-08-04,05:00:00,18.65,18.5,18.8,96.64,Cicalino2
2024-08-04,06:00:00,18.54,18.4,18.8,97.1,Cicalino2
2024-08-04,07:00:00,20.27,18.8,22.7,93.95,Cicalino2
2024-08-04,08:00:00,25.95,23.7,27.1,69.07,Cicalino2
2024-08-04,09:00:00,29.24,27.1,30.5,55.67,Cicalino2
2024-08-04,10:00:00,32.82,30.6,34.6,44.13,Cicalino2
2024-08-04,11:00:00,34.28,33.6,35.1,39.39,Cicalino2
2024-08-04,12:00:00,35.42,34.8,36.4,36.86,Cicalino2
2024-08-04,13:00:00,35.6,34.9,36.4,36.25,Cicalino2
2024-08-04,14:00:00,35.95,33.9,37.4,34.34,Cicalino2
2024-08-04,15:00:00,34.79,34.2,35.5,39.26,Cicalino2
2024-08-04,16:00:00,33.56,32.5,34.8,42.33,Cicalino2
2024-08-04,17:00:00,33.23,32.4,33.9,42.68,Cicalino2
2024-08-04,18:00:00,31.53,30.6,32.8,45.26,Cicalino2
2024-08-04,19:00:00,30.78,29.7,31.7,48.38,Cicalino2
2024-08-04,20:00:00,29.1,28.0,29.8,54.62,Cicalino2
2024-08-04,21:00:00,27.45,26.9,27.8,60.71,Cicalino2
2024-08-04,22:00:00,27.71,26.9,28.2,56.28,Cicalino2
2024-08-04,23:00:00,26.24,23.8,28.0,60.65,Cicalino2
2024-08-05,00:00:00,22.66,22.2,23.4,74.15,Cicalino2
2024-08-05,01:00:00,21.66,20.9,22.1,76.53,Cicalino2
2024-08-05,02:00:00,20.64,20.4,20.9,80.75,Cicalino2
2024-08-05,03:00:00,20.27,20.1,20.6,82.87,Cicalino2
2024-08-05,04:00:00,19.92,19.5,20.3,82.91,Cicalino2
2024-08-05,05:00:00,19.38,19.3,19.5,82.04,Cicalino2
2024-08-05,06:00:00,18.89,18.5,19.3,82.72,Cicalino2
2024-08-05,07:00:00,20.77,18.6,23.8,76.73,Cicalino2
2024-08-05,08:00:00,27.66,25.0,29.1,50.48,Cicalino2
2024-08-05,09:00:00,31.86,29.5,34.9,38.3,Cicalino2
2024-08-05,10:00:00,34.72,33.8,35.7,31.77,Cicalino2
2024-08-05,11:00:00,36.17,35.0,37.1,29.44,Cicalino2
2024-08-05,12:00:00,37.25,36.1,37.9,28.67,Cicalino2
2024-08-05,13:00:00,36.27,35.6,37.7,35.35,Cicalino2
2024-08-05,14:00:00,35.9,35.0,36.7,38.76,Cicalino2
2024-08-05,15:00:00,36.13,35.7,36.7,36.92,Cicalino2
2024-08-05,16:00:00,35.82,34.8,36.5,37.58,Cicalino2
2024-08-05,17:00:00,36.18,35.7,36.7,35.49,Cicalino2
2024-08-05,18:00:00,34.98,34.4,35.4,38.62,Cicalino2
2024-08-05,19:00:00,33.75,32.7,35.0,42.69,Cicalino2
2024-08-05,20:00:00,30.08,28.4,32.1,55.43,Cicalino2
2024-08-05,21:00:00,26.81,25.5,28.0,65.84,Cicalino2
2024-08-05,22:00:00,24.2,23.5,25.8,75.74,Cicalino2
2024-08-05,23:00:00,23.11,22.3,24.1,79.81,Cicalino2
2024-08-06,00:00:00,21.6,21.3,22.0,84.35,Cicalino2
2024-08-06,01:00:00,20.68,20.3,21.1,85.02,Cicalino2
2024-08-06,02:00:00,19.65,19.3,20.1,88.08,Cicalino2
2024-08-06,03:00:00,19.45,18.9,20.0,88.94,Cicalino2
2024-08-06,04:00:00,18.74,18.5,18.9,91.07,Cicalino2
2024-08-06,05:00:00,18.59,18.2,18.8,92.35,Cicalino2
2024-08-06,06:00:00,18.65,18.1,19.3,94.94,Cicalino2
2024-08-06,07:00:00,21.18,19.3,23.7,84.82,Cicalino2
2024-08-06,08:00:00,26.75,24.5,28.9,61.66,Cicalino2
2024-08-06,09:00:00,30.27,29.2,31.6,57.62,Cicalino2
2024-08-06,10:00:00,32.03,30.6,34.6,47.78,Cicalino2
2024-08-06,11:00:00,34.73,33.5,36.1,40.88,Cicalino2
2024-08-06,12:00:00,35.49,34.4,37.7,39.75,Cicalino2
2024-08-06,13:00:00,35.26,33.1,37.6,42.25,Cicalino2
2024-08-06,14:00:00,34.26,32.5,35.7,47.42,Cicalino2
2024-08-06,15:00:00,35.65,34.9,36.2,40.98,Cicalino2
2024-08-06,16:00:00,34.81,34.6,35.1,39.47,Cicalino2
2024-08-06,17:00:00,34.66,34.2,35.3,37.49,Cicalino2
2024-08-06,18:00:00,34.11,33.2,34.9,38.7,Cicalino2
2024-08-06,19:00:00,31.79,30.4,33.3,46.24,Cicalino2
2024-08-06,20:00:00,28.45,27.3,29.9,58.6,Cicalino2
2024-08-06,21:00:00,25.99,24.9,27.1,68.48,Cicalino2
2024-08-06,22:00:00,23.76,23.1,24.5,77.72,Cicalino2
2024-08-06,23:00:00,23.17,21.7,24.0,80.73,Cicalino2
2024-08-07,00:00:00,20.83,20.1,21.5,86.81,Cicalino2
2024-08-07,01:00:00,19.71,19.2,20.0,89.51,Cicalino2
2024-08-07,02:00:00,19.11,18.6,19.4,90.16,Cicalino2
2024-08-07,03:00:00,17.99,17.7,18.3,90.12,Cicalino2
2024-08-07,04:00:00,18.01,17.5,18.9,89.33,Cicalino2
2024-08-07,05:00:00,18.65,18.3,19.2,87.39,Cicalino2
2024-08-07,06:00:00,19.16,18.5,20.0,86.55,Cicalino2
2024-08-07,07:00:00,20.4,18.9,22.6,82.76,Cicalino2
2024-08-07,08:00:00,25.74,23.5,27.4,62.64,Cicalino2
2024-08-07,09:00:00,31.14,29.1,32.8,46.86,Cicalino2
2024-08-07,10:00:00,31.81,31.1,33.2,43.48,Cicalino2
2024-08-07,11:00:00,33.67,32.7,34.7,44.48,Cicalino2
2024-08-07,12:00:00,34.04,32.8,34.9,45.85,Cicalino2
2024-08-07,13:00:00,34.29,32.8,35.1,44.08,Cicalino2
2024-08-07,14:00:00,34.89,34.0,35.7,43.92,Cicalino2
2024-08-07,15:00:00,35.43,34.9,35.9,41.5,Cicalino2
2024-08-07,16:00:00,34.6,34.2,34.9,41.25,Cicalino2
2024-08-07,17:00:00,35.22,34.9,35.5,36.32,Cicalino2
2024-08-07,18:00:00,34.07,33.2,35.0,37.31,Cicalino2
2024-08-07,19:00:00,31.94,30.6,33.1,42.44,Cicalino2
2024-08-07,20:00:00,28.78,27.2,30.4,55.26,Cicalino2
2024-08-07,21:00:00,25.14,24.2,26.9,69.91,Cicalino2
2024-08-07,22:00:00,23.48,22.6,24.3,77.14,Cicalino2
2024-08-07,23:00:00,21.76,20.9,22.6,82.45,Cicalino2
2024-08-08,00:00:00,20.52,20.0,21.1,86.55,Cicalino2
2024-08-08,01:00:00,19.92,19.4,20.4,86.43,Cicalino2
2024-08-08,02:00:00,18.79,18.5,19.2,88.43,Cicalino2
2024-08-08,03:00:00,19.26,18.3,20.3,83.45,Cicalino2
2024-08-08,04:00:00,17.7,17.3,18.2,89.08,Cicalino2
2024-08-08,05:00:00,16.86,16.5,17.3,88.3,Cicalino2
2024-08-08,06:00:00,16.6,16.4,16.8,86.77,Cicalino2
2024-08-08,07:00:00,18.76,17.0,21.4,81.26,Cicalino2
2024-08-08,08:00:00,26.12,22.5,28.5,53.65,Cicalino2
2024-08-08,09:00:00,30.78,28.8,32.5,42.95,Cicalino2
2024-08-08,10:00:00,32.75,32.1,34.0,38.25,Cicalino2
2024-08-08,11:00:00,33.14,32.8,33.5,40.41,Cicalino2
2024-08-08,12:00:00,34.79,34.0,35.6,38.62,Cicalino2
2024-08-08,13:00:00,35.06,34.0,35.9,39.88,Cicalino2
2024-08-08,14:00:00,34.88,33.7,35.6,41.25,Cicalino2
2024-08-08,15:00:00,35.3,34.8,36.0,39.76,Cicalino2
2024-08-08,16:00:00,34.95,34.7,35.5,39.51,Cicalino2
2024-08-08,17:00:00,34.13,33.7,34.7,39.22,Cicalino2
2024-08-08,18:00:00,33.33,33.0,33.6,42.89,Cicalino2
2024-08-08,19:00:00,32.09,30.5,32.9,48.51,Cicalino2
2024-08-08,20:00:00,28.92,27.6,30.3,59.97,Cicalino2
2024-08-08,21:00:00,26.38,25.7,27.3,73.5,Cicalino2
2024-08-08,22:00:00,24.42,23.4,25.6,81.58,Cicalino2
2024-08-08,23:00:00,22.47,21.9,23.3,88.69,Cicalino2
2024-08-09,00:00:00,21.5,21.2,21.8,93.03,Cicalino2
2024-08-09,01:00:00,20.99,20.6,21.2,94.56,Cicalino2
2024-08-09,02:00:00,20.35,20.2,20.6,95.47,Cicalino2
2024-08-09,03:00:00,20.25,19.9,20.7,95.89,Cicalino2
2024-08-09,04:00:00,19.5,19.1,20.0,96.47,Cicalino2
2024-08-09,05:00:00,19.25,19.0,19.6,97.45,Cicalino2
2024-08-09,06:00:00,18.93,18.8,19.1,97.81,Cicalino2
2024-08-09,07:00:00,20.08,18.9,22.2,96.42,Cicalino2
2024-08-09,08:00:00,26.42,23.7,28.8,73.58,Cicalino2
2024-08-09,09:00:00,30.72,28.7,32.4,56.21,Cicalino2
2024-08-09,10:00:00,33.05,32.1,33.9,49.12,Cicalino2
2024-08-09,11:00:00,34.59,33.9,35.3,43.24,Cicalino2
2024-08-09,12:00:00,35.52,34.6,36.4,39.7,Cicalino2
2024-08-09,13:00:00,36.75,36.2,37.1,39.88,Cicalino2
2024-08-09,14:00:00,36.35,34.8,37.4,39.87,Cicalino2
2024-08-09,15:00:00,37.25,36.8,37.6,38.61,Cicalino2
2024-08-09,16:00:00,36.93,36.4,37.8,37.12,Cicalino2
2024-08-09,17:00:00,35.37,34.8,35.9,37.98,Cicalino2
2024-08-09,18:00:00,34.38,33.7,35.0,36.94,Cicalino2
2024-08-09,19:00:00,32.74,32.2,33.2,40.14,Cicalino2
2024-08-09,20:00:00,30.0,28.5,32.0,44.42,Cicalino2
2024-08-09,21:00:00,26.69,25.6,28.3,53.5,Cicalino2
2024-08-09,22:00:00,24.53,24.0,25.4,59.41,Cicalino2
2024-08-09,23:00:00,25.16,24.2,26.5,52.71,Cicalino2
2024-08-10,00:00:00,25.15,24.2,26.2,51.51,Cicalino2
2024-08-10,01:00:00,24.36,22.8,25.9,52.76,Cicalino2
2024-08-10,02:00:00,22.21,21.2,23.3,60.38,Cicalino2
2024-08-10,03:00:00,20.55,20.1,21.1,66.04,Cicalino2
2024-08-10,04:00:00,20.17,20.0,20.4,67.4,Cicalino2
2024-08-10,05:00:00,20.09,19.9,20.3,71.69,Cicalino2
2024-08-10,06:00:00,19.65,19.4,20.0,75.8,Cicalino2
2024-08-10,07:00:00,21.63,19.5,25.8,73.43,Cicalino2
2024-08-10,08:00:00,29.74,26.9,31.6,49.39,Cicalino2
2024-08-10,09:00:00,33.82,31.1,35.1,40.45,Cicalino2
2024-08-10,10:00:00,36.34,35.3,37.3,35.2,Cicalino2
2024-08-10,11:00:00,37.15,35.8,38.5,32.53,Cicalino2
2024-08-10,12:00:00,38.47,37.2,39.6,30.55,Cicalino2
2024-08-10,13:00:00,39.01,38.4,39.6,30.59,Cicalino2
2024-08-10,14:00:00,39.07,37.5,39.8,31.68,Cicalino2
2024-08-10,15:00:00,39.25,38.1,40.2,32.2,Cicalino2
2024-08-10,16:00:00,38.82,38.1,39.3,31.84,Cicalino2
2024-08-10,17:00:00,37.63,36.7,38.1,38.36,Cicalino2
2024-08-10,18:00:00,36.26,35.3,37.3,41.72,Cicalino2
2024-08-10,19:00:00,34.95,34.4,35.7,42.04,Cicalino2
2024-08-10,20:00:00,32.04,28.9,34.5,49.22,Cicalino2
2024-08-10,21:00:00,26.86,25.7,28.6,64.35,Cicalino2
2024-08-10,22:00:00,25.0,24.4,25.5,69.78,Cicalino2
2024-08-10,23:00:00,23.76,23.2,24.3,73.18,Cicalino2
2024-08-11,00:00:00,22.68,22.2,23.1,75.02,Cicalino2
2024-08-11,01:00:00,21.98,21.7,22.2,76.51,Cicalino2
2024-08-11,02:00:00,21.48,21.1,21.8,78.47,Cicalino2
2024-08-11,03:00:00,21.0,20.7,21.2,81.05,Cicalino2
2024-08-11,04:00:00,20.65,20.5,20.8,82.98,Cicalino2
2024-08-11,05:00:00,20.8,20.4,21.4,83.12,Cicalino2
2024-08-11,06:00:00,20.18,20.0,20.3,86.38,Cicalino2
2024-08-11,07:00:00,22.45,20.3,25.8,81.15,Cicalino2
2024-08-11,08:00:00,30.41,26.6,32.9,54.61,Cicalino2
2024-08-11,09:00:00,34.54,32.6,36.1,44.36,Cicalino2
2024-08-11,10:00:00,36.88,35.3,37.7,36.03,Cicalino2
2024-08-11,11:00:00,38.39,38.0,39.0,32.51,Cicalino2
2024-08-11,12:00:00,39.06,37.5,40.5,31.14,Cicalino2
2024-08-11,13:00:00,39.35,38.2,40.1,31.77,Cicalino2
2024-08-11,14:00:00,38.89,38.4,39.3,33.6,Cicalino2
2024-08-11,15:00:00,39.1,38.5,39.8,34.24,Cicalino2
2024-08-11,16:00:00,37.86,36.9,38.5,38.84,Cicalino2
2024-08-11,17:00:00,37.29,36.6,37.8,38.0,Cicalino2
2024-08-11,18:00:00,36.43,35.7,37.3,39.5,Cicalino2
2024-08-11,19:00:00,35.22,34.9,35.6,41.46,Cicalino2
2024-08-11,20:00:00,32.49,30.4,34.8,47.83,Cicalino2
2024-08-11,21:00:00,27.82,26.3,29.8,60.41,Cicalino2
2024-08-11,22:00:00,25.17,24.6,26.0,68.36,Cicalino2
2024-08-11,23:00:00,24.52,24.1,24.7,69.97,Cicalino2
2024-08-12,00:00:00,23.78,23.2,24.2,72.23,Cicalino2
2024-08-12,01:00:00,23.21,23.0,23.6,73.4,Cicalino2
2024-08-12,02:00:00,22.38,21.9,22.8,75.95,Cicalino2
2024-08-12,03:00:00,21.73,21.5,21.9,78.19,Cicalino2
2024-08-12,04:00:00,21.33,21.1,21.5,80.68,Cicalino2
2024-08-12,05:00:00,20.94,20.9,21.0,83.02,Cicalino2
2024-08-12,06:00:00,21.1,20.9,21.3,83.11,Cicalino2
2024-08-12,07:00:00,22.78,21.2,25.6,78.34,Cicalino2
2024-08-12,08:00:00,30.25,26.5,33.0,53.37,Cicalino2
2024-08-12,09:00:00,34.03,32.5,36.0,42.51,Cicalino2
2024-08-12,10:00:00,37.17,36.7,37.4,37.09,Cicalino2
2024-08-12,11:00:00,38.05,37.0,38.7,34.25,Cicalino2
2024-08-12,12:00:00,39.23,37.3,40.4,32.35,Cicalino2
2024-08-12,13:00:00,39.41,39.0,40.0,33.43,Cicalino2
2024-08-12,14:00:00,39.16,38.8,39.7,33.45,Cicalino2
2024-08-12,15:00:00,38.48,37.8,39.1,35.52,Cicalino2
2024-08-12,16:00:00,37.93,37.3,38.7,35.3,Cicalino2
2024-08-12,17:00:00,37.25,36.8,37.7,34.83,Cicalino2
2024-08-12,18:00:00,36.75,36.5,37.0,30.05,Cicalino2
2024-08-12,19:00:00,35.76,35.0,36.6,30.41,Cicalino2
2024-08-12,20:00:00,31.7,27.8,34.7,38.47,Cicalino2
2024-08-12,21:00:00,26.09,24.7,27.4,51.86,Cicalino2
2024-08-12,22:00:00,23.87,23.4,24.5,56.96,Cicalino2
2024-08-12,23:00:00,22.95,22.2,23.8,57.58,Cicalino2
2024-08-13,00:00:00,21.73,21.4,22.3,61.79,Cicalino2
2024-08-13,01:00:00,21.03,20.8,21.4,62.7,Cicalino2
2024-08-13,02:00:00,20.74,20.4,21.2,62.41,Cicalino2
2024-08-13,03:00:00,20.15,19.9,20.5,63.14,Cicalino2
2024-08-13,04:00:00,19.67,19.4,19.8,64.5,Cicalino2
2024-08-13,05:00:00,19.71,19.6,19.9,65.74,Cicalino2
2024-08-13,06:00:00,19.76,19.5,20.0,66.15,Cicalino2
2024-08-13,07:00:00,21.38,19.9,24.6,62.97,Cicalino2
2024-08-13,08:00:00,28.73,25.8,31.3,45.82,Cicalino2
2024-08-13,09:00:00,33.15,31.3,34.0,38.54,Cicalino2
2024-08-13,10:00:00,34.69,33.5,35.6,37.51,Cicalino2
2024-08-13,11:00:00,36.72,35.7,37.5,34.31,Cicalino2
2024-08-13,12:00:00,37.75,36.4,38.3,31.96,Cicalino2
2024-08-13,13:00:00,38.09,37.2,38.5,29.98,Cicalino2
2024-08-13,14:00:00,38.34,37.8,39.1,30.85,Cicalino2
2024-08-13,15:00:00,38.62,38.3,38.9,31.61,Cicalino2
2024-08-13,16:00:00,37.76,37.0,38.3,32.12,Cicalino2
2024-08-13,17:00:00,37.18,36.3,37.5,33.98,Cicalino2
2024-08-13,18:00:00,36.44,35.9,37.0,36.11,Cicalino2
2024-08-13,19:00:00,35.01,33.6,36.4,43.15,Cicalino2
2024-08-13,20:00:00,30.47,28.7,33.3,52.37,Cicalino2
2024-08-13,21:00:00,26.88,25.9,28.4,64.09,Cicalino2
2024-08-13,22:00:00,26.05,25.3,26.7,67.12,Cicalino2
2024-08-13,23:00:00,24.88,23.7,25.8,74.78,Cicalino2
2024-08-14,00:00:00,22.4,21.7,23.4,81.61,Cicalino2
2024-08-14,01:00:00,21.84,21.6,22.1,84.17,Cicalino2
2024-08-14,02:00:00,21.37,20.7,22.1,85.42,Cicalino2
2024-08-14,03:00:00,20.77,20.6,21.1,88.5,Cicalino2
2024-08-14,04:00:00,20.86,20.4,21.3,89.43,Cicalino2
2024-08-14,05:00:00,20.28,19.5,20.9,91.17,Cicalino2
2024-08-14,06:00:00,19.33,19.0,19.6,92.94,Cicalino2
2024-08-14,07:00:00,20.91,19.0,24.5,89.17,Cicalino2
2024-08-14,08:00:00,27.39,25.1,28.9,64.21,Cicalino2
2024-08-14,09:00:00,29.96,28.5,31.5,56.57,Cicalino2
2024-08-14,10:00:00,34.19,32.5,35.0,40.35,Cicalino2
2024-08-14,11:00:00,35.65,34.9,36.2,34.01,Cicalino2
2024-08-14,12:00:00,37.07,36.3,37.7,36.15,Cicalino2
2024-08-14,13:00:00,36.4,35.7,38.0,36.78,Cicalino2
2024-08-14,14:00:00,36.43,35.9,36.7,34.6,Cicalino2
2024-08-14,15:00:00,36.53,36.1,37.1,34.37,Cicalino2
2024-08-14,16:00:00,36.25,35.4,36.8,34.74,Cicalino2
2024-08-14,17:00:00,35.89,35.0,36.4,36.18,Cicalino2
2024-08-14,18:00:00,35.05,34.0,35.8,37.09,Cicalino2
2024-08-14,19:00:00,31.69,29.9,33.9,47.27,Cicalino2
2024-08-14,20:00:00,27.66,26.2,29.3,70.02,Cicalino2
2024-08-14,21:00:00,25.02,24.4,25.9,81.05,Cicalino2
2024-08-14,22:00:00,24.0,23.6,24.4,78.79,Cicalino2
2024-08-14,23:00:00,22.33,21.5,23.3,80.72,Cicalino2
2024-08-15,00:00:00,21.02,20.4,22.0,81.07,Cicalino2
2024-08-15,01:00:00,21.65,20.9,22.1,75.15,Cicalino2
2024-08-15,02:00:00,21.13,20.5,21.7,81.81,Cicalino2
2024-08-15,03:00:00,21.69,20.7,22.4,78.53,Cicalino2
2024-08-15,04:00:00,20.15,19.9,20.5,89.27,Cicalino2
2024-08-15,05:00:00,19.71,19.4,20.1,89.0,Cicalino2
2024-08-15,06:00:00,19.41,18.8,20.4,85.08,Cicalino2
2024-08-15,07:00:00,21.51,20.0,23.8,72.89,Cicalino2
2024-08-15,08:00:00,27.87,24.4,30.3,51.9,Cicalino2
2024-08-15,09:00:00,32.19,30.5,33.0,41.41,Cicalino2
2024-08-15,10:00:00,33.27,32.7,34.1,36.49,Cicalino2
2024-08-15,11:00:00,34.28,33.9,34.7,35.13,Cicalino2
2024-08-15,12:00:00,35.55,33.9,36.6,37.1,Cicalino2
2024-08-15,13:00:00,35.84,34.6,38.0,39.71,Cicalino2
2024-08-15,14:00:00,31.46,27.5,35.0,54.47,Cicalino2
2024-08-15,15:00:00,26.66,25.9,27.2,68.03,Cicalino2
2024-08-15,16:00:00,29.39,26.0,30.9,53.7,Cicalino2
2024-08-15,17:00:00,29.69,28.9,30.1,49.46,Cicalino2
2024-08-15,18:00:00,27.45,26.6,28.6,59.27,Cicalino2
2024-08-15,19:00:00,26.46,26.3,26.7,66.16,Cicalino2
2024-08-15,20:00:00,26.11,25.4,26.7,65.21,Cicalino2
2024-08-15,21:00:00,25.63,25.3,26.0,62.45,Cicalino2
2024-08-15,22:00:00,24.58,24.2,25.3,67.74,Cicalino2
2024-08-15,23:00:00,23.15,22.8,24.0,74.15,Cicalino2
2024-08-16,00:00:00,22.34,21.6,22.9,76.58,Cicalino2
2024-08-16,01:00:00,21.07,20.5,21.5,80.76,Cicalino2
2024-08-16,02:00:00,20.43,20.2,20.5,82.73,Cicalino2
2024-08-16,03:00:00,20.28,19.8,20.5,82.84,Cicalino2
2024-08-16,04:00:00,19.91,19.7,20.2,85.04,Cicalino2
2024-08-16,05:00:00,20.02,19.8,20.3,85.68,Cicalino2
2024-08-16,06:00:00,19.84,19.6,20.0,86.32,Cicalino2
2024-08-16,07:00:00,20.89,19.9,22.4,83.07,Cicalino2
2024-08-16,08:00:00,23.34,22.4,25.8,74.65,Cicalino2
2024-08-16,09:00:00,29.7,27.2,31.9,52.82,Cicalino2
2024-08-16,10:00:00,31.75,31.2,32.2,48.02,Cicalino2
2024-08-16,11:00:00,34.5,32.7,35.6,40.02,Cicalino2
2024-08-16,12:00:00,34.12,33.2,35.0,38.94,Cicalino2
2024-08-16,13:00:00,34.52,32.7,37.2,40.98,Cicalino2
2024-08-16,14:00:00,37.27,35.6,38.7,35.25,Cicalino2
2024-08-16,15:00:00,35.04,34.2,36.0,43.95,Cicalino2
2024-08-16,16:00:00,36.1,35.4,37.0,39.15,Cicalino2
2024-08-16,17:00:00,35.93,35.2,37.0,36.33,Cicalino2
2024-08-16,18:00:00,34.28,32.9,35.8,39.87,Cicalino2
2024-08-16,19:00:00,32.04,30.1,33.0,43.78,Cicalino2
2024-08-16,20:00:00,28.59,27.3,29.8,54.78,Cicalino2
2024-08-16,21:00:00,25.6,24.9,27.0,65.17,Cicalino2
2024-08-16,22:00:00,24.65,24.4,24.8,69.32,Cicalino2
2024-08-16,23:00:00,24.17,24.1,24.3,72.82,Cicalino2
2024-08-17,00:00:00,24.74,24.0,25.3,73.96,Cicalino2
2024-08-17,01:00:00,25.25,25.1,25.5,70.65,Cicalino2
2024-08-17,02:00:00,24.78,24.6,25.0,72.05,Cicalino2
2024-08-17,03:00:00,24.47,24.2,24.8,73.77,Cicalino2
2024-08-17,04:00:00,23.2,22.2,24.3,74.52,Cicalino2
2024-08-17,05:00:00,21.67,21.0,22.1,79.51,Cicalino2
2024-08-17,06:00:00,19.77,19.2,20.7,86.27,Cicalino2
2024-08-17,07:00:00,20.5,19.1,23.4,87.2,Cicalino2
2024-08-17,08:00:00,27.03,24.2,28.9,64.5,Cicalino2
2024-08-17,09:00:00,28.68,28.2,29.1,61.15,Cicalino2
2024-08-17,10:00:00,31.28,28.7,33.4,52.66,Cicalino2
2024-08-17,11:00:00,33.53,32.6,34.3,40.46,Cicalino2
2024-08-17,12:00:00,33.94,31.8,36.4,42.95,Cicalino2
2024-08-17,13:00:00,34.45,32.1,35.6,39.65,Cicalino2
2024-08-17,14:00:00,35.01,34.2,35.7,36.75,Cicalino2
2024-08-17,15:00:00,34.26,33.6,35.0,38.31,Cicalino2
2024-08-17,16:00:00,32.44,30.5,34.6,44.47,Cicalino2
2024-08-17,17:00:00,32.35,30.6,33.4,48.19,Cicalino2
2024-08-17,18:00:00,31.21,30.2,33.4,50.77,Cicalino2
2024-08-17,19:00:00,30.89,29.3,31.9,52.16,Cicalino2
2024-08-17,20:00:00,27.45,26.2,28.6,61.98,Cicalino2
2024-08-17,21:00:00,24.42,23.0,25.9,72.45,Cicalino2
2024-08-17,22:00:00,22.14,21.4,22.8,81.09,Cicalino2
2024-08-17,23:00:00,21.12,20.9,21.3,86.08,Cicalino2
2024-08-18,00:00:00,20.48,20.2,20.7,88.6,Cicalino2
2024-08-18,01:00:00,20.14,19.8,20.4,90.47,Cicalino2
2024-08-18,02:00:00,19.69,19.6,19.8,93.03,Cicalino2
2024-08-18,03:00:00,20.05,19.6,20.9,93.19,Cicalino2
2024-08-18,04:00:00,19.85,19.7,20.0,93.63,Cicalino2
2024-08-18,05:00:00,20.11,19.8,20.4,94.23,Cicalino2
2024-08-18,06:00:00,20.67,20.5,20.9,92.63,Cicalino2
2024-08-18,07:00:00,21.16,20.5,21.8,89.95,Cicalino2
2024-08-18,08:00:00,24.16,22.2,28.0,79.27,Cicalino2
2024-08-18,09:00:00,27.64,26.0,29.0,62.74,Cicalino2
2024-08-18,10:00:00,28.83,27.9,30.2,60.47,Cicalino2
2024-08-18,11:00:00,31.38,28.6,33.6,54.87,Cicalino2
2024-08-18,12:00:00,29.31,25.8,32.7,61.63,Cicalino2
2024-08-18,13:00:00,24.57,22.8,26.3,78.04,Cicalino2
2024-08-18,14:00:00,21.77,19.9,22.8,89.35,Cicalino2
2024-08-18,15:00:00,25.19,22.6,29.1,81.69,Cicalino2
2024-08-18,16:00:00,28.19,26.6,29.4,65.13,Cicalino2
2024-08-18,17:00:00,24.27,21.5,28.2,78.72,Cicalino2
2024-08-18,18:00:00,25.53,24.4,27.9,81.82,Cicalino2
2024-08-18,19:00:00,25.83,24.5,27.1,76.48,Cicalino2
2024-08-18,20:00:00,23.63,23.0,24.8,80.16,Cicalino2
2024-08-18,21:00:00,22.98,22.8,23.2,79.02,Cicalino2
2024-08-18,22:00:00,22.76,22.6,23.0,78.14,Cicalino2
2024-08-18,23:00:00,22.36,21.2,22.8,79.09,Cicalino2
2024-08-19,00:00:00,20.42,20.2,20.9,89.49,Cicalino2
2024-08-19,01:00:00,20.57,20.4,20.7,87.05,Cicalino2
2024-08-19,02:00:00,20.23,19.9,20.6,87.32,Cicalino2
2024-08-19,03:00:00,19.46,19.1,19.8,88.88,Cicalino2
2024-08-19,04:00:00,19.57,19.3,19.8,86.62,Cicalino2
2024-08-19,05:00:00,19.85,19.5,20.1,85.83,Cicalino2
2024-08-19,06:00:00,18.8,18.4,19.4,90.49,Cicalino2
2024-08-19,07:00:00,19.85,19.3,20.2,87.9,Cicalino2
2024-08-19,08:00:00,20.9,20.3,21.6,85.39,Cicalino2
2024-08-19,09:00:00,24.38,21.9,26.9,73.73,Cicalino2
2024-08-19,10:00:00,27.86,25.8,29.4,53.41,Cicalino2
2024-08-19,11:00:00,29.51,28.2,31.1,48.97,Cicalino2
2024-08-19,12:00:00,30.8,29.2,32.9,42.72,Cicalino2
2024-08-19,13:00:00,29.94,28.8,31.4,42.87,Cicalino2
2024-08-19,14:00:00,30.06,28.6,32.0,46.94,Cicalino2
2024-08-19,15:00:00,26.65,24.3,29.4,63.59,Cicalino2
2024-08-19,16:00:00,24.55,24.0,25.4,79.83,Cicalino2
2024-08-19,17:00:00,24.66,24.1,25.3,67.81,Cicalino2
2024-08-19,18:00:00,24.61,24.2,24.9,65.46,Cicalino2
2024-08-19,19:00:00,24.08,23.6,24.5,68.83,Cicalino2
2024-08-19,20:00:00,21.98,20.9,23.2,79.77,Cicalino2
2024-08-19,21:00:00,21.35,20.4,22.6,80.44,Cicalino2
2024-08-19,22:00:00,19.78,19.2,20.4,87.29,Cicalino2
2024-08-19,23:00:00,18.68,18.2,19.3,91.3,Cicalino2
2024-08-20,00:00:00,17.86,17.6,18.1,94.35,Cicalino2
2024-08-20,01:00:00,17.48,17.3,17.6,96.0,Cicalino2
2024-08-20,02:00:00,17.37,17.3,17.5,96.86,Cicalino2
2024-08-20,03:00:00,17.25,17.1,17.5,97.12,Cicalino2
2024-08-20,04:00:00,17.2,17.0,17.4,97.65,Cicalino2
2024-08-20,05:00:00,17.02,16.9,17.2,97.99,Cicalino2
2024-08-20,06:00:00,16.83,16.8,16.9,98.21,Cicalino2
2024-08-20,07:00:00,18.18,16.9,21.2,96.43,Cicalino2
2024-08-20,08:00:00,24.33,22.1,26.4,72.45,Cicalino2
2024-08-20,09:00:00,27.7,25.5,29.8,55.32,Cicalino2
2024-08-20,10:00:00,30.39,29.1,31.0,47.53,Cicalino2
2024-08-20,11:00:00,29.78,28.4,31.7,47.38,Cicalino2
2024-08-20,12:00:00,30.07,28.5,31.6,47.4,Cicalino2
2024-08-20,13:00:00,31.41,30.1,33.2,43.81,Cicalino2
2024-08-20,14:00:00,29.01,28.5,29.7,50.48,Cicalino2
2024-08-20,15:00:00,30.56,28.8,32.1,47.57,Cicalino2
2024-08-20,16:00:00,30.09,29.4,30.7,47.03,Cicalino2
2024-08-20,17:00:00,29.07,28.2,30.4,54.78,Cicalino2
2024-08-20,18:00:00,29.25,28.4,30.0,57.85,Cicalino2
2024-08-20,19:00:00,27.72,26.2,28.8,63.45,Cicalino2
2024-08-20,20:00:00,25.59,25.2,26.1,72.5,Cicalino2
2024-08-20,21:00:00,24.65,24.4,25.1,75.9,Cicalino2
2024-08-20,22:00:00,24.37,24.2,24.5,78.18,Cicalino2
2024-08-20,23:00:00,23.64,23.4,24.1,81.55,Cicalino2
2024-08-21,00:00:00,23.1,22.9,23.4,83.89,Cicalino2
2024-08-21,01:00:00,22.68,22.1,23.0,84.66,Cicalino2
2024-08-21,02:00:00,20.74,20.2,21.7,90.74,Cicalino2
2024-08-21,03:00:00,21.41,20.0,22.9,91.65,Cicalino2
2024-08-21,04:00:00,20.05,19.6,20.8,93.31,Cicalino2
2024-08-21,05:00:00,19.57,19.5,19.8,96.01,Cicalino2
2024-08-21,06:00:00,19.19,19.1,19.4,96.93,Cicalino2
2024-08-21,07:00:00,19.99,19.0,22.3,96.9,Cicalino2
2024-08-21,08:00:00,24.78,22.8,26.0,86.04,Cicalino2
2024-08-21,09:00:00,26.74,25.9,27.6,75.39,Cicalino2
2024-08-21,10:00:00,28.34,27.4,28.9,64.19,Cicalino2
2024-08-21,11:00:00,30.1,29.6,30.9,55.97,Cicalino2
2024-08-21,12:00:00,31.13,29.1,33.0,50.85,Cicalino2
2024-08-21,13:00:00,31.75,30.5,32.6,50.04,Cicalino2
2024-08-21,14:00:00,31.94,30.9,32.9,52.02,Cicalino2
2024-08-21,15:00:00,32.27,31.1,33.0,50.44,Cicalino2
2024-08-21,16:00:00,31.77,31.4,32.1,47.2,Cicalino2
2024-08-21,17:00:00,31.54,30.9,31.9,45.64,Cicalino2
2024-08-21,18:00:00,30.57,30.2,30.8,48.32,Cicalino2
2024-08-21,19:00:00,29.96,29.4,30.7,50.65,Cicalino2
2024-08-21,20:00:00,27.15,25.6,29.4,56.84,Cicalino2
2024-08-21,21:00:00,25.45,24.6,26.0,59.32,Cicalino2
2024-08-21,22:00:00,23.79,22.9,24.6,65.29,Cicalino2
2024-08-21,23:00:00,22.83,22.0,23.4,68.14,Cicalino2
2024-08-22,00:00:00,21.35,20.4,22.5,75.89,Cicalino2
2024-08-22,01:00:00,20.2,19.9,20.4,82.24,Cicalino2
2024-08-22,02:00:00,19.67,19.4,20.1,85.31,Cicalino2
2024-08-22,03:00:00,19.24,19.1,19.6,88.55,Cicalino2
2024-08-22,04:00:00,19.14,19.0,19.4,89.76,Cicalino2
2024-08-22,05:00:00,19.49,19.0,20.0,86.78,Cicalino2
2024-08-22,06:00:00,18.98,18.7,19.3,86.13,Cicalino2
2024-08-22,07:00:00,20.28,18.9,22.9,84.59,Cicalino2
2024-08-22,08:00:00,26.31,23.8,28.0,64.18,Cicalino2
2024-08-22,09:00:00,29.97,28.1,32.0,52.58,Cicalino2
2024-08-22,10:00:00,32.99,31.6,33.7,41.81,Cicalino2
2024-08-22,11:00:00,34.18,33.7,34.8,39.54,Cicalino2
2024-08-22,12:00:00,35.31,34.6,36.1,37.54,Cicalino2
2024-08-22,13:00:00,34.82,34.2,35.5,40.67,Cicalino2
2024-08-22,14:00:00,33.69,33.2,34.2,47.53,Cicalino2
2024-08-22,15:00:00,34.32,33.7,35.2,44.83,Cicalino2
2024-08-22,16:00:00,35.17,34.4,36.5,41.78,Cicalino2
2024-08-22,17:00:00,33.65,32.9,34.1,44.57,Cicalino2
2024-08-22,18:00:00,32.45,31.6,33.0,47.12,Cicalino2
2024-08-22,19:00:00,31.02,30.8,31.5,50.28,Cicalino2
2024-08-22,20:00:00,28.03,26.2,30.5,60.62,Cicalino2
2024-08-22,21:00:00,24.56,23.3,26.0,73.45,Cicalino2
2024-08-22,22:00:00,22.44,21.8,23.2,82.38,Cicalino2
2024-08-22,23:00:00,21.17,20.6,21.7,86.79,Cicalino2
2024-08-23,00:00:00,20.17,19.9,20.5,88.54,Cicalino2
2024-08-23,01:00:00,19.63,19.3,19.8,90.42,Cicalino2
2024-08-23,02:00:00,19.2,19.1,19.4,91.85,Cicalino2
2024-08-23,03:00:00,19.96,19.6,20.6,88.67,Cicalino2
